,2021,2021,2021,2020,2020,2020,2019,2019,2019,2018,2018,2018,2017,2017,2017,2016,2016,2016,2015,2015,2015,2014,2014,2014,2013,2013,2013,2012,2012,2012,2011,2011,2011,2010,2010,2010,2009,2009,2009,2008,2008,2008,2007,2007,2007,2006,2006,2006,2005,2005,2005,2004,2004,2004,2003,2003,2003,2002,2002,2002,2001,2001,2001,2000,2000,2000
"Countries, territories and areas", 0-27 days, 1-59 months, 0-4 years, 0-27 days, 1-59 months, 0-4 years, 0-27 days, 1-59 months, 0-4 years, 0-27 days, 1-59 months, 0-4 years, 0-27 days, 1-59 months, 0-4 years, 0-27 days, 1-59 months, 0-4 years, 0-27 days, 1-59 months, 0-4 years, 0-27 days, 1-59 months, 0-4 years, 0-27 days, 1-59 months, 0-4 years, 0-27 days, 1-59 months, 0-4 years, 0-27 days, 1-59 months, 0-4 years, 0-27 days, 1-59 months, 0-4 years, 0-27 days, 1-59 months, 0-4 years, 0-27 days, 1-59 months, 0-4 years, 0-27 days, 1-59 months, 0-4 years, 0-27 days, 1-59 months, 0-4 years, 0-27 days, 1-59 months, 0-4 years, 0-27 days, 1-59 months, 0-4 years, 0-27 days, 1-59 months, 0-4 years, 0-27 days, 1-59 months, 0-4 years, 0-27 days, 1-59 months, 0-4 years, 0-27 days, 1-59 months, 0-4 years
Afghanistan,0.8,48.1,0.8,0.8,45.7,0.8,0.7,42.7,0.7,0.7,40.6,0.7,0.7,40.3,0.7,0.7,39.5,0.7,0.6,37.8,0.6,0.6,35.9,0.6,0.6,34.3,0.6,0.5,32.2,0.5,0.5,30.4,0.5,0.5,28.8,0.5,0.5,27.7,0.5,0.4,26.5,0.4,0.4,25.3,0.4,0.4,23.4,0.4,0.4,21.8,0.4,0.3,20.4,0.3,0.3,18.0,0.3,0.3,16.5,0.3,0.2,14.7,0.2,0.2,13.5,0.2
Albania,0.0,0.5,0.0,0.0,0.5,0.0,0.0,0.3,0.0,0.0,0.4,0.0,0.0,0.4,0.0,0.0,0.4,0.0,0.0,0.3,0.0,0.0,0.4,0.0,0.0,0.3,0.0,0.0,0.4,0.0,0.0,0.5,0.0,0.0,0.5,0.0,0.0,0.5,0.0,0.0,0.5,0.0,0.0,0.6,0.0,0.0,0.5,0.0,0.0,0.5,0.0,0.0,0.5,0.0,0.0,0.4,0.0,0.0,0.3,0.0,0.0,0.3,0.0,0.0,0.2,0.0
Algeria,1.7,100.2,1.7,1.6,94.8,1.6,1.5,88.6,1.5,1.4,81.5,1.4,1.2,70.9,1.2,1.0,58.9,1.0,0.8,45.2,0.8,0.6,37.5,0.6,0.6,36.2,0.6,0.7,38.5,0.7,0.6,32.7,0.6,0.5,27.5,0.5,0.5,28.7,0.5,0.5,30.5,0.5,0.5,31.1,0.5,0.4,26.3,0.4,0.4,23.6,0.4,0.4,20.8,0.4,0.3,18.5,0.3,0.3,17.0,0.3,0.3,15.6,0.3,0.2,14.1,0.2
Andorra,0.0,0.0,0.0,0.0,0.0,0.0,0.0,0.0,0.0,0.0,0.0,0.0,0.0,0.0,0.0,0.0,0.0,0.0,0.0,0.0,0.0,0.0,0.0,0.0,0.0,0.0,0.0,0.0,0.0,0.0,0.0,0.0,0.0,0.0,0.0,0.0,0.0,0.0,0.0,0.0,0.0,0.0,0.0,0.0,0.0,0.0,0.0,0.0,0.0,0.0,0.0,0.0,0.0,0.0,0.0,0.0,0.0,0.0,0.0,0.0,0.0,0.0,0.0,0.0,0.0,0.0
Angola,33.9,2000.4,33.9,41.2,2430.8,41.2,49.5,2919.0,49.5,58.0,3419.9,58.0,58.7,3462.8,58.7,56.7,3344.1,56.7,57.7,3402.1,57.7,58.5,3453.7,58.5,61.6,3636.8,61.6,62.1,3662.0,62.1,60.1,3544.9,60.1,57.5,3390.7,57.5,56.6,3338.5,56.6,55.1,3250.3,55.1,53.5,3157.5,53.5,51.2,3018.6,51.2,49.0,2888.9,49.0,45.4,2679.2,45.4,42.0,2476.6,42.0,38.2,2252.5,38.2,34.3,2022.7,34.3,30.3,1788.5,30.3
Antigua and Barbuda,0.0,0.0,0.0,0.0,0.0,0.0,0.0,0.0,0.0,0.0,0.0,0.0,0.0,0.0,0.0,0.0,0.0,0.0,0.0,0.0,0.0,0.0,0.0,0.0,0.0,0.5,0.0,0.0,0.0,0.0,0.0,0.2,0.0,0.0,0.2,0.0,0.0,0.0,0.0,0.0,0.0,0.0,0.0,0.0,0.0,0.0,0.0,0.0,0.0,0.0,0.0,0.0,0.0,0.0,0.0,0.0,0.0,0.0,0.0,0.0,0.0,0.0,0.0,0.0,0.0,0.0
Argentina,0.2,2.7,0.2,0.2,3.5,0.2,0.2,4.4,0.2,0.4,5.8,0.4,0.3,7.0,0.3,0.0,9.4,0.0,1.0,7.4,1.0,0.0,8.6,0.0,1.0,11.7,1.0,1.1,4.8,1.1,0.0,17.9,0.0,1.0,10.0,1.0,2.0,23.2,2.0,1.0,9.9,1.0,0.0,20.5,0.0,0.0,35.2,0.0,1.1,19.7,1.1,0.0,22.9,0.0,1.0,29.0,1.0,2.0,49.0,2.0,1.1,30.4,1.1,1.1,54.7,1.1
Armenia,0.0,1.1,0.0,0.0,1.7,0.0,0.0,1.2,0.0,0.0,1.2,0.0,0.0,1.3,0.0,0.0,1.4,0.0,0.0,1.5,0.0,0.0,1.5,0.0,0.0,1.5,0.0,0.0,1.4,0.0,0.0,1.4,0.0,0.0,0.7,0.0,0.0,0.6,0.0,0.0,0.6,0.0,0.0,0.6,0.0,0.0,0.6,0.0,0.0,0.6,0.0,0.0,0.6,0.0,0.0,0.5,0.0,0.0,0.3,0.0,0.0,0.2,0.0,0.0,0.2,0.0
Australia,0.0,0.0,0.0,0.0,0.0,0.0,0.0,0.0,0.0,0.0,0.0,0.0,0.0,0.0,0.0,0.0,0.0,0.0,0.0,0.0,0.0,0.0,0.0,0.0,0.0,0.0,0.0,0.0,0.0,0.0,0.0,0.0,0.0,0.0,0.0,0.0,0.0,0.0,0.0,0.0,1.4,0.0,0.0,0.0,0.0,0.0,0.0,0.0,0.0,0.2,0.0,0.0,0.0,0.0,0.0,0.0,0.0,0.0,0.0,0.0,0.0,2.8,0.0,0.0,0.0,0.0
Austria,0.0,0.0,0.0,0.0,0.0,0.0,0.0,0.0,0.0,0.0,0.0,0.0,0.0,0.0,0.0,0.0,0.0,0.0,0.0,0.0,0.0,0.0,0.0,0.0,0.0,1.2,0.0,0.0,0.0,0.0,0.0,1.1,0.0,0.0,0.0,0.0,0.0,0.0,0.0,0.0,0.0,0.0,0.0,0.0,0.0,0.0,0.0,0.0,0.0,0.0,0.0,0.0,0.0,0.0,0.0,0.0,0.0,0.0,0.0,0.0,0.0,0.0,0.0,0.0,0.0,0.0
Azerbaijan,0.1,3.0,0.1,0.1,4.9,0.1,0.1,7.5,0.1,0.1,8.8,0.1,0.2,10.4,0.2,0.2,13.6,0.2,0.3,17.2,0.3,0.3,20.5,0.3,0.4,23.8,0.4,0.5,27.5,0.5,0.5,30.7,0.5,0.6,34.1,0.6,0.6,35.7,0.6,0.6,36.2,0.6,0.6,35.2,0.6,0.5,31.5,0.5,0.5,28.3,0.5,0.4,23.9,0.4,0.3,20.1,0.3,0.3,16.0,0.3,0.2,12.7,0.2,0.2,9.1,0.2
Bahamas,0.5,0.5,0.5,0.5,0.5,0.5,0.5,0.5,0.5,0.5,0.5,0.5,0.4,0.5,0.4,0.7,0.5,0.7,0.6,0.6,0.6,0.0,1.6,0.0,1.6,0.0,1.6,0.0,0.0,0.0,0.0,2.5,0.0,0.0,0.0,0.0,0.0,1.4,0.0,0.0,0.0,0.0,0.0,0.0,0.0,0.0,0.0,0.0,0.0,1.4,0.0,0.0,0.0,0.0,0.0,0.0,0.0,0.0,1.9,0.0,0.0,0.0,0.0,0.0,2.0,0.0
Bahrain,0.0,0.4,0.0,0.0,0.4,0.0,0.0,0.4,0.0,0.0,0.4,0.0,0.0,0.4,0.0,0.0,0.4,0.0,0.0,0.4,0.0,0.0,0.0,0.0,0.0,0.0,0.0,0.0,1.4,0.0,0.0,0.0,0.0,0.0,0.0,0.0,0.0,0.0,0.0,0.0,0.0,0.0,0.0,0.0,0.0,0.0,0.0,0.0,0.0,0.0,0.0,0.0,0.0,0.0,0.0,1.6,0.0,0.0,0.0,0.0,0.0,0.0,0.0,0.0,0.0,0.0
Bangladesh,0.3,16.5,0.3,0.3,15.3,0.3,0.3,18.2,0.3,0.3,16.2,0.3,0.3,16.4,0.3,0.3,16.6,0.3,0.3,17.5,0.3,0.3,17.6,0.3,0.3,17.8,0.3,0.3,16.4,0.3,0.3,17.4,0.3,0.3,16.9,0.3,0.3,18.0,0.3,0.3,16.7,0.3,0.3,16.1,0.3,0.2,13.7,0.2,0.2,12.2,0.2,0.2,9.8,0.2,0.1,8.1,0.1,0.1,5.7,0.1,0.1,4.8,0.1,0.1,3.2,0.1
Barbados,0.0,0.0,0.0,0.0,0.0,0.0,0.0,0.0,0.0,0.0,0.0,0.0,0.0,0.0,0.0,0.0,0.0,0.0,0.0,0.0,0.0,0.0,0.0,0.0,0.0,0.0,0.0,0.0,0.0,0.0,0.0,0.0,0.0,0.0,0.0,0.0,0.0,0.0,0.0,0.0,0.0,0.0,0.0,0.0,0.0,0.0,0.0,0.0,0.0,0.0,0.0,0.0,1.1,0.0,0.7,1.5,0.7,0.0,1.1,0.0,0.0,3.9,0.0,0.0,1.0,0.0
Belarus,0.3,16.8,0.3,0.3,16.6,0.3,0.3,15.4,0.3,0.2,13.1,0.2,0.2,9.3,0.2,0.2,10.0,0.2,0.2,9.6,0.2,0.2,9.1,0.2,0.1,7.3,0.1,0.1,7.0,0.1,0.1,7.5,0.1,0.1,5.3,0.1,0.1,3.7,0.1,0.0,2.7,0.0,0.0,2.2,0.0,0.0,1.3,0.0,0.0,2.2,0.0,0.0,2.3,0.0,0.0,2.3,0.0,0.0,2.3,0.0,0.0,2.8,0.0,0.0,1.9,0.0
Belgium,0.0,0.0,0.0,0.0,0.0,0.0,0.0,0.0,0.0,0.0,0.0,0.0,0.0,0.0,0.0,0.0,0.0,0.0,0.0,0.0,0.0,0.0,0.0,0.0,0.0,0.0,0.0,0.0,0.0,0.0,0.0,0.0,0.0,0.0,0.0,0.0,0.0,0.0,0.0,0.0,0.0,0.0,0.0,0.0,0.0,0.0,0.0,0.0,0.0,0.0,0.0,0.0,0.0,0.0,0.0,0.0,0.0,0.0,0.0,0.0,0.0,0.0,0.0,0.0,0.0,0.0
Belize,0.0,0.3,0.0,0.0,0.3,0.0,0.0,0.3,0.0,0.0,0.3,0.0,0.0,0.4,0.0,0.0,1.1,0.0,0.0,0.0,0.0,0.0,0.0,0.0,0.0,1.0,0.0,0.0,0.0,0.0,0.0,3.0,0.0,0.0,1.3,0.0,0.9,2.9,0.9,0.2,0.0,0.2,0.0,4.7,0.0,0.0,4.3,0.0,0.0,6.0,0.0,0.0,5.9,0.0,0.0,10.1,0.0,0.0,0.0,0.0,1.3,1.3,1.3,0.0,2.3,0.0
Benin,3.0,178.2,3.0,3.6,212.5,3.6,4.5,268.3,4.5,5.3,312.6,5.3,6.2,363.0,6.2,7.4,434.3,7.4,9.2,540.1,9.2,9.5,561.0,9.5,9.5,558.8,9.5,10.2,600.7,10.2,10.3,605.3,10.3,10.6,626.3,10.6,12.8,754.5,12.8,13.9,821.3,13.9,14.5,855.4,14.5,14.6,860.7,14.6,14.6,860.5,14.6,14.6,858.9,14.6,14.5,854.3,14.5,14.4,847.0,14.4,14.2,839.0,14.2,14.0,826.1,14.0
Bhutan,0.0,1.1,0.0,0.0,1.1,0.0,0.0,1.1,0.0,0.0,1.2,0.0,0.0,1.3,0.0,0.0,1.3,0.0,0.0,2.0,0.0,0.0,2.1,0.0,0.0,1.4,0.0,0.0,2.1,0.0,0.0,2.1,0.0,0.0,2.8,0.0,0.0,2.8,0.0,0.1,3.5,0.1,0.1,3.5,0.1,0.1,3.4,0.1,0.1,3.3,0.1,0.1,3.2,0.1,0.1,3.1,0.1,0.1,3.1,0.1,0.0,2.4,0.0,0.0,2.4,0.0
Bolivia (Plurinational State of),0.2,13.3,0.2,0.2,12.2,0.2,0.2,12.3,0.2,0.2,14.2,0.2,0.3,16.7,0.3,0.4,24.4,0.4,0.5,30.2,0.5,0.6,32.6,0.6,0.6,35.6,0.6,0.6,37.5,0.6,0.7,43.0,0.7,0.8,47.8,0.8,0.9,55.8,0.9,1.0,61.0,1.0,1.1,64.7,1.1,1.2,68.7,1.2,1.2,72.4,1.2,1.3,75.5,1.3,1.3,78.6,1.3,1.4,81.1,1.4,1.4,83.0,1.4,1.4,83.9,1.4
Bosnia and Herzegovina,0.0,0.1,0.0,0.0,0.1,0.0,0.0,0.1,0.0,0.0,0.0,0.0,0.0,0.0,0.0,0.0,0.0,0.0,0.0,0.0,0.0,0.0,0.0,0.0,0.0,0.0,0.0,0.0,0.0,0.0,0.0,0.0,0.0,0.0,0.0,0.0,0.0,0.1,0.0,0.0,0.0,0.0,0.0,0.0,0.0,0.0,0.0,0.0,0.0,0.0,0.0,0.0,0.0,0.0,0.0,0.0,0.0,0.0,0.0,0.0,0.0,0.0,0.0,0.0,0.0,0.0
Botswana,1.6,93.1,1.6,1.9,109.9,1.9,1.9,114.4,1.9,1.9,112.0,1.9,1.6,93.7,1.6,3.4,202.7,3.4,3.6,215.1,3.6,4.3,254.4,4.3,4.0,235.7,4.0,5.8,343.3,5.8,9.2,545.6,9.2,8.8,518.2,8.8,11.0,647.8,11.0,13.6,804.0,13.6,14.6,858.5,14.6,16.2,954.3,16.2,19.3,1139.7,19.3,22.2,1309.3,22.2,22.9,1353.0,22.9,23.4,1380.5,23.4,24.5,1445.4,24.5,25.0,1476.3,25.0
Brazil,2.2,50.5,2.2,2.3,52.8,2.3,2.4,54.0,2.4,2.5,53.3,2.5,1.9,53.5,1.9,3.4,43.1,3.4,2.3,68.2,2.3,0.0,63.7,0.0,0.0,93.9,0.0,0.0,105.5,0.0,0.0,77.8,0.0,1.3,123.6,1.3,0.0,100.1,0.0,2.6,157.5,2.6,8.2,148.9,8.2,2.8,193.9,2.8,1.4,188.1,1.4,4.4,219.1,4.4,0.0,305.1,0.0,7.8,354.2,7.8,6.6,468.4,6.6,1.8,525.1,1.8
Brunei Darussalam,0.0,0.0,0.0,0.0,0.0,0.0,0.0,0.0,0.0,0.0,0.0,0.0,0.0,0.0,0.0,0.0,0.0,0.0,0.0,0.0,0.0,0.0,0.0,0.0,0.0,0.0,0.0,0.0,0.0,0.0,0.0,0.0,0.0,0.0,0.0,0.0,0.0,0.0,0.0,0.0,0.0,0.0,0.0,0.0,0.0,0.0,1.0,0.0,0.0,0.0,0.0,0.0,0.0,0.0,0.0,0.0,0.0,0.0,0.0,0.0,0.0,0.0,0.0,0.0,0.0,0.0
Bulgaria,0.0,0.3,0.0,0.0,0.3,0.0,0.0,0.3,0.0,0.0,0.3,0.0,0.0,0.3,0.0,0.0,0.4,0.0,0.0,0.0,0.0,0.0,0.0,0.0,0.0,1.4,0.0,0.0,0.0,0.0,0.0,0.0,0.0,0.0,0.0,0.0,0.0,0.0,0.0,0.0,0.0,0.0,0.0,0.0,0.0,0.0,0.0,0.0,0.0,0.0,0.0,0.0,0.0,0.0,0.0,0.0,0.0,0.0,0.0,0.0,0.0,0.0,0.0,0.0,0.0,0.0
Burkina Faso,2.6,153.0,2.6,2.9,173.9,2.9,3.1,185.8,3.1,3.1,182.6,3.1,3.9,229.7,3.9,4.8,283.8,4.8,6.6,390.0,6.6,8.6,508.8,8.6,10.1,593.5,10.1,10.8,634.3,10.8,11.4,675.1,11.4,12.2,717.6,12.2,15.9,939.3,15.9,17.8,1052.7,17.8,18.9,1115.0,18.9,20.9,1235.0,20.9,22.5,1324.8,22.5,23.8,1406.7,23.8,25.4,1498.1,25.4,27.1,1599.6,27.1,28.7,1695.4,28.7,30.3,1787.2,30.3
Burundi,3.7,215.4,3.7,3.5,204.8,3.5,3.4,198.1,3.4,3.3,196.0,3.3,3.7,215.6,3.7,4.2,246.4,4.2,6.0,354.1,6.0,7.3,432.0,7.3,8.1,475.5,8.1,9.7,570.4,9.7,10.6,626.8,10.6,12.2,719.3,12.2,14.8,873.3,14.8,16.1,952.0,16.1,18.2,1071.4,18.2,19.7,1164.9,19.7,21.9,1294.3,21.9,24.1,1421.9,24.1,25.9,1528.5,25.9,27.4,1618.4,27.4,28.9,1704.1,28.9,30.3,1788.9,30.3
Cote d'Ivoire,3.3,197.2,3.3,3.8,227.1,3.8,5.0,293.5,5.0,10.3,607.9,10.3,13.8,813.3,13.8,13.9,817.6,13.9,13.7,808.3,13.7,19.0,1120.6,19.0,27.0,1594.2,27.0,33.1,1953.6,33.1,36.5,2153.2,36.5,40.8,2408.8,40.8,49.2,2902.9,49.2,63.6,3753.3,63.6,75.9,4475.9,75.9,86.5,5101.0,86.5,94.8,5593.3,94.8,105.6,6230.4,105.6,114.1,6734.7,114.1,121.6,7176.8,121.6,127.8,7538.1,127.8,131.5,7756.3,131.5
Cabo Verde,0.0,0.9,0.0,0.0,0.9,0.0,0.0,0.9,0.0,0.0,1.0,0.0,0.0,1.0,0.0,0.0,1.1,0.0,0.0,1.1,0.0,0.0,1.2,0.0,0.0,1.2,0.0,0.0,2.0,0.0,0.0,2.8,0.0,0.1,3.6,0.1,0.1,3.7,0.1,0.1,4.4,0.1,0.1,5.9,0.1,0.1,7.3,0.1,0.1,8.8,0.1,0.2,8.9,0.2,0.2,9.9,0.2,0.2,10.2,0.2,0.2,11.1,0.2,0.2,11.1,0.2
Cambodia,0.3,17.1,0.3,0.3,15.6,0.3,0.3,19.8,0.3,0.5,27.3,0.5,0.5,31.0,0.5,0.6,38.2,0.6,0.7,40.4,0.7,0.6,37.7,0.6,0.6,36.8,0.6,0.7,41.2,0.7,0.8,47.3,0.8,1.1,62.1,1.1,1.5,89.4,1.5,2.6,151.2,2.6,3.3,195.0,3.3,3.7,216.8,3.7,4.0,236.0,4.0,4.4,256.9,4.4,4.7,278.2,4.7,5.1,303.5,5.1,5.6,329.2,5.6,5.9,350.0,5.9
Cameroon,29.7,1753.6,29.7,31.4,1852.2,31.4,31.7,1868.6,31.7,29.2,1720.8,29.2,29.4,1735.3,29.4,31.1,1836.9,31.1,32.7,1931.5,32.7,39.4,2327.3,39.4,45.7,2697.1,45.7,55.2,3257.1,55.2,64.1,3784.4,64.1,72.4,4272.5,72.4,83.3,4916.8,83.3,85.3,5033.3,85.3,90.0,5311.3,90.0,91.7,5412.5,91.7,94.4,5568.3,94.4,94.1,5549.3,94.1,93.9,5539.4,93.9,91.5,5398.2,91.5,86.9,5128.6,86.9,80.3,4736.8,80.3
Canada,0.1,0.0,0.1,0.1,0.0,0.1,0.1,0.0,0.1,0.1,0.0,0.1,0.1,0.0,0.1,0.1,0.0,0.1,0.1,0.0,0.1,0.1,0.0,0.1,0.1,0.0,0.1,0.1,0.0,0.1,0.1,0.0,0.1,0.1,0.0,0.1,0.1,0.0,0.1,0.1,0.0,0.1,0.1,0.0,0.1,0.1,0.0,0.1,0.1,0.0,0.1,0.1,0.0,0.1,0.2,0.0,0.2,0.2,0.0,0.2,0.2,0.0,0.2,0.3,0.0,0.3
Central African Republic,4.0,233.9,4.0,5.1,299.3,5.1,5.8,344.0,5.8,7.3,430.0,7.3,7.3,431.9,7.3,6.6,391.9,6.6,9.1,537.1,9.1,11.8,697.0,11.8,13.0,767.6,13.0,12.9,760.2,12.9,14.1,834.1,14.1,15.7,926.2,15.7,17.4,1027.6,17.4,19.4,1147.1,19.4,20.7,1223.7,20.7,22.6,1335.4,22.6,25.1,1482.2,25.1,26.6,1569.9,26.6,27.9,1647.7,27.9,29.0,1713.6,29.0,30.0,1770.8,30.0,30.6,1805.5,30.6
Chad,6.7,395.5,6.7,6.7,396.1,6.7,7.2,423.5,7.2,9.6,565.7,9.6,11.3,668.1,11.3,11.6,681.7,11.6,11.7,690.5,11.7,12.0,709.9,12.0,14.8,873.4,14.8,17.5,1032.6,17.5,19.3,1136.6,19.3,20.4,1204.2,20.4,21.6,1276.8,21.6,22.6,1332.5,22.6,23.7,1398.4,23.7,24.4,1439.9,24.4,25.0,1472.8,25.0,26.0,1531.5,26.0,27.4,1618.7,27.4,26.8,1582.6,26.8,27.2,1604.8,27.2,27.3,1610.4,27.3
Chile,0.0,0.6,0.0,0.0,0.6,0.0,0.0,0.6,0.0,0.0,0.7,0.0,0.0,0.7,0.0,0.0,1.2,0.0,0.0,0.0,0.0,0.0,1.1,0.0,0.0,0.0,0.0,0.0,1.1,0.0,1.0,1.2,1.0,0.0,7.1,0.0,0.0,2.2,0.0,0.0,3.8,0.0,0.0,2.3,0.0,0.0,4.3,0.0,0.0,2.2,0.0,0.0,1.1,0.0,0.0,3.8,0.0,0.0,6.1,0.0,0.0,5.7,0.0,0.0,3.8,0.0
China,2.0,118.3,2.0,2.3,137.6,2.3,2.7,158.6,2.7,3.0,176.7,3.0,2.8,167.8,2.8,3.0,176.6,3.0,2.6,156.2,2.6,4.1,242.6,4.1,4.8,281.6,4.8,4.7,276.2,4.7,5.4,318.4,5.4,6.6,391.6,6.6,9.3,548.1,9.3,10.5,620.4,10.5,10.8,637.0,10.8,10.4,614.6,10.4,10.8,635.1,10.8,10.9,643.2,10.9,10.9,645.9,10.9,10.9,641.6,10.9,10.7,632.5,10.7,10.2,603.9,10.2
Colombia,0.0,10.9,0.0,0.0,11.2,0.0,0.0,11.6,0.0,0.0,11.9,0.0,0.0,12.4,0.0,0.0,12.8,0.0,0.0,19.9,0.0,0.0,12.2,0.0,0.0,9.2,0.0,0.0,22.2,0.0,0.0,26.7,0.0,1.6,29.1,1.6,0.0,36.1,0.0,1.3,25.2,1.3,0.0,49.7,0.0,0.0,44.8,0.0,0.0,58.1,0.0,0.0,66.9,0.0,0.0,68.2,0.0,0.0,45.8,0.0,4.0,47.5,4.0,8.6,43.7,8.6
Comoros,0.0,0.3,0.0,0.0,0.4,0.0,0.0,0.3,0.0,0.0,0.3,0.0,0.0,0.4,0.0,0.0,0.5,0.0,0.0,0.6,0.0,0.0,0.6,0.0,0.0,0.6,0.0,0.0,0.6,0.0,0.0,0.6,0.0,0.0,0.6,0.0,0.0,0.6,0.0,0.0,0.6,0.0,0.0,0.6,0.0,0.0,0.6,0.0,0.0,0.6,0.0,0.0,1.3,0.0,0.0,1.3,0.0,0.0,0.7,0.0,0.0,0.7,0.0,0.0,0.7,0.0
Congo,17.0,1002.2,17.0,17.1,1008.9,17.1,19.3,1136.9,19.3,16.9,999.7,16.9,16.4,967.1,16.4,15.4,909.7,15.4,14.9,881.9,14.9,14.7,867.1,14.7,13.9,822.9,13.9,13.9,817.4,13.9,14.0,825.1,14.0,14.1,832.7,14.1,13.7,810.3,13.7,13.6,801.7,13.6,13.8,816.2,13.8,13.8,812.9,13.8,13.7,810.8,13.7,13.9,820.8,13.9,14.7,864.4,14.7,15.5,916.5,15.5,16.0,942.3,16.0,16.1,950.8,16.1
Cook Islands,0.0,0.0,0.0,0.0,0.0,0.0,0.0,0.0,0.0,0.0,0.0,0.0,0.0,0.0,0.0,0.0,0.0,0.0,0.0,0.0,0.0,0.0,0.0,0.0,0.0,0.0,0.0,0.0,0.0,0.0,0.0,0.0,0.0,0.0,0.0,0.0,0.0,0.0,0.0,0.0,0.0,0.0,0.0,0.0,0.0,0.0,0.0,0.0,0.0,0.0,0.0,0.0,0.0,0.0,0.0,0.0,0.0,0.0,0.0,0.0,0.0,0.0,0.0,0.0,0.0,0.0
Costa Rica,0.0,0.0,0.0,0.0,0.0,0.0,0.0,0.0,0.0,0.0,0.0,0.0,0.0,0.0,0.0,0.0,0.0,0.0,0.0,0.0,0.0,0.0,0.0,0.0,0.0,0.0,0.0,0.0,0.0,0.0,0.0,0.0,0.0,0.0,0.2,0.0,0.0,0.0,0.0,0.0,0.0,0.0,0.0,1.1,0.0,0.0,0.0,0.0,0.0,1.2,0.0,0.0,0.0,0.0,0.0,0.0,0.0,0.0,0.0,0.0,0.0,2.1,0.0,0.0,2.5,0.0
Croatia,0.0,0.0,0.0,0.0,0.0,0.0,0.0,0.0,0.0,0.0,0.0,0.0,0.0,0.0,0.0,0.0,0.0,0.0,0.0,0.0,0.0,0.0,0.0,0.0,0.0,0.0,0.0,0.0,0.0,0.0,0.0,0.0,0.0,0.0,0.0,0.0,0.0,0.0,0.0,0.0,0.0,0.0,0.0,0.0,0.0,0.0,0.0,0.0,0.0,0.0,0.0,0.0,0.0,0.0,0.0,0.0,0.0,0.0,0.0,0.0,0.0,0.0,0.0,0.0,0.0,0.0
Cuba,0.0,0.3,0.0,0.0,0.3,0.0,0.0,0.3,0.0,0.0,0.3,0.0,0.0,0.3,0.0,0.0,0.0,0.0,0.0,1.1,0.0,0.0,0.0,0.0,0.0,1.2,0.0,0.0,0.0,0.0,0.0,0.0,0.0,0.0,0.0,0.0,0.0,0.0,0.0,0.0,1.2,0.0,0.0,1.2,0.0,0.0,0.0,0.0,0.0,0.0,0.0,0.0,2.2,0.0,0.0,1.1,0.0,0.0,2.3,0.0,0.0,0.0,0.0,0.0,0.0,0.0
Cyprus,0.0,0.0,0.0,0.0,0.0,0.0,0.0,0.0,0.0,0.0,0.0,0.0,0.0,0.0,0.0,0.0,0.0,0.0,0.0,0.0,0.0,0.0,0.0,0.0,0.0,0.0,0.0,0.0,0.0,0.0,0.0,0.0,0.0,0.0,0.0,0.0,0.0,0.0,0.0,0.0,0.0,0.0,0.0,0.0,0.0,0.0,0.0,0.0,0.0,0.0,0.0,0.0,0.0,0.0,0.0,0.0,0.0,0.0,0.0,0.0,0.0,0.0,0.0,0.0,0.0,0.0
Czechia,0.0,0.0,0.0,0.0,0.0,0.0,0.0,0.0,0.0,0.0,0.0,0.0,0.0,0.0,0.0,0.0,0.0,0.0,0.0,0.0,0.0,0.0,0.0,0.0,0.0,0.0,0.0,0.0,0.0,0.0,0.0,0.0,0.0,0.0,0.0,0.0,0.0,0.0,0.0,0.0,0.0,0.0,0.0,0.0,0.0,0.0,0.0,0.0,0.0,0.0,0.0,0.0,0.0,0.0,0.0,0.0,0.0,0.0,0.0,0.0,0.0,0.0,0.0,0.0,0.0,0.0
Democratic People's Republic of Korea,0.5,29.3,0.5,0.5,29.1,0.5,0.5,28.1,0.5,0.5,27.1,0.5,0.4,25.8,0.4,0.4,24.6,0.4,0.4,23.3,0.4,0.4,22.0,0.4,0.4,20.9,0.4,0.3,20.2,0.3,0.3,19.1,0.3,0.3,18.3,0.3,0.3,18.7,0.3,0.3,18.0,0.3,0.3,17.3,0.3,0.3,17.2,0.3,0.3,17.5,0.3,0.3,18.4,0.3,0.3,19.6,0.3,0.4,21.5,0.4,0.4,21.0,0.4,0.3,19.6,0.3
Democratic Republic of the Congo,29.7,1750.1,29.7,35.9,2120.0,35.9,36.5,2152.8,36.5,35.8,2112.6,35.8,37.2,2194.0,37.2,39.1,2307.2,39.1,53.3,3142.5,53.3,59.1,3485.0,59.1,63.1,3720.5,63.1,72.3,4265.9,72.3,77.6,4576.4,77.6,78.6,4637.1,78.6,82.3,4854.7,82.3,84.5,4984.4,84.5,87.1,5139.9,87.1,88.4,5218.4,88.4,89.3,5271.0,89.3,92.1,5433.6,92.1,94.7,5584.6,94.7,96.2,5678.2,96.2,96.9,5717.0,96.9,97.4,5744.0,97.4
Denmark,0.0,0.0,0.0,0.0,0.0,0.0,0.0,0.0,0.0,0.0,0.0,0.0,0.0,0.0,0.0,0.0,0.0,0.0,0.0,0.0,0.0,0.0,0.0,0.0,0.0,0.0,0.0,0.0,0.0,0.0,0.0,0.0,0.0,0.0,0.0,0.0,0.0,0.0,0.0,0.0,0.0,0.0,0.0,0.0,0.0,0.0,0.0,0.0,0.0,0.0,0.0,0.0,0.0,0.0,0.0,0.0,0.0,0.0,0.0,0.0,0.0,0.0,0.0,0.0,0.0,0.0
Djibouti,0.1,7.1,0.1,0.1,7.9,0.1,0.1,8.6,0.1,0.2,9.5,0.2,0.2,11.5,0.2,0.3,14.9,0.3,0.4,21.0,0.4,0.4,22.6,0.4,0.4,22.1,0.4,0.6,33.1,0.6,0.6,37.8,0.6,0.7,42.4,0.7,0.8,45.2,0.8,0.8,48.4,0.8,1.0,58.7,1.0,1.1,66.0,1.1,1.3,74.4,1.3,1.4,81.5,1.4,1.4,83.6,1.4,1.4,83.8,1.4,1.4,80.0,1.4,1.2,73.5,1.2
Dominica,0.0,0.0,0.0,0.0,0.0,0.0,0.0,0.0,0.0,0.0,0.0,0.0,0.0,0.0,0.0,0.0,0.0,0.0,0.0,0.0,0.0,0.0,0.0,0.0,0.0,0.0,0.0,0.0,0.0,0.0,0.0,0.0,0.0,0.0,0.0,0.0,0.0,0.0,0.0,0.0,0.0,0.0,0.0,0.0,0.0,0.0,0.0,0.0,0.0,0.0,0.0,0.0,0.0,0.0,0.0,0.0,0.0,0.0,0.0,0.0,0.0,0.0,0.0,0.0,0.0,0.0
Dominican Republic,1.7,102.2,1.7,1.8,106.3,1.8,1.4,84.4,1.4,1.5,90.6,1.5,1.5,91.0,1.5,1.4,84.8,1.4,1.3,74.3,1.3,0.9,52.4,0.9,1.2,69.2,1.2,1.0,60.7,1.0,1.6,94.0,1.6,2.2,128.5,2.2,2.7,158.1,2.7,3.3,196.5,3.3,4.0,238.1,4.0,4.6,273.3,4.6,5.2,305.6,5.2,5.7,338.8,5.7,6.2,367.1,6.2,6.5,381.7,6.5,6.7,393.5,6.7,6.8,399.0,6.8
Ecuador,0.7,4.3,0.7,0.7,4.6,0.7,0.7,4.9,0.7,0.5,5.3,0.5,0.4,5.6,0.4,1.2,5.8,1.2,0.0,9.5,0.0,0.0,3.5,0.0,0.5,3.7,0.5,0.2,3.9,0.2,0.2,4.1,0.2,0.3,4.2,0.3,0.3,4.4,0.3,0.3,4.6,0.3,0.3,4.7,0.3,0.3,4.9,0.3,0.4,5.1,0.4,0.4,5.3,0.4,0.4,5.5,0.4,0.4,5.7,0.4,0.4,6.0,0.4,0.4,6.4,0.4
Egypt,1.9,112.3,1.9,1.9,111.8,1.9,1.9,109.3,1.9,1.8,107.5,1.8,1.8,105.5,1.8,1.8,103.7,1.8,1.7,101.0,1.7,1.6,93.2,1.6,1.4,85.0,1.4,1.3,77.4,1.3,1.2,69.1,1.2,1.0,61.8,1.0,1.0,56.7,1.0,0.9,51.7,0.9,0.8,47.0,0.8,0.7,42.3,0.7,0.7,38.7,0.7,0.6,35.3,0.6,0.5,32.0,0.5,0.5,29.6,0.5,0.5,27.1,0.5,0.4,24.7,0.4
El Salvador,0.2,13.3,0.2,0.2,14.1,0.2,0.2,14.2,0.2,0.2,14.3,0.2,0.2,13.8,0.2,0.2,12.7,0.2,0.2,12.7,0.2,0.2,14.2,0.2,0.2,12.2,0.2,0.2,14.7,0.2,0.4,20.9,0.4,0.4,23.7,0.4,0.4,25.3,0.4,0.5,26.8,0.5,0.5,29.2,0.5,0.5,30.5,0.5,0.6,34.0,0.6,0.7,41.9,0.7,0.9,55.6,0.9,1.2,68.4,1.2,1.4,80.2,1.4,1.4,82.5,1.4
Equatorial Guinea,5.3,313.3,5.3,5.1,303.2,5.1,5.0,293.9,5.0,4.8,283.2,4.8,4.8,285.2,4.8,4.6,273.0,4.6,4.6,270.7,4.6,4.3,252.3,4.3,5.1,301.0,5.1,5.6,332.3,5.6,5.5,322.7,5.5,5.1,300.9,5.1,4.9,289.9,4.9,4.4,262.3,4.4,4.2,247.9,4.2,4.0,235.7,4.0,3.8,226.5,3.8,3.6,212.5,3.6,3.3,194.8,3.3,3.0,178.1,3.0,2.7,161.3,2.7,2.5,145.6,2.5
Eritrea,0.2,9.2,0.2,0.1,6.8,0.1,0.2,11.1,0.2,0.2,9.5,0.2,0.2,10.8,0.2,0.2,13.6,0.2,0.2,13.4,0.2,0.3,17.4,0.3,0.4,22.4,0.4,0.5,28.0,0.5,0.6,33.8,0.6,0.7,39.6,0.7,0.8,44.6,0.8,0.9,51.7,0.9,1.1,64.4,1.1,1.4,81.1,1.4,1.5,87.9,1.5,1.6,96.9,1.6,1.7,101.0,1.7,1.8,106.0,1.8,1.9,110.6,1.9,1.9,114.2,1.9
Estonia,0.0,0.0,0.0,0.0,0.0,0.0,0.0,0.0,0.0,0.0,0.0,0.0,0.0,0.0,0.0,0.0,0.0,0.0,0.0,0.0,0.0,0.0,0.0,0.0,0.0,0.0,0.0,0.0,0.0,0.0,0.0,0.0,0.0,0.0,0.0,0.0,0.0,0.2,0.0,0.0,1.3,0.0,0.0,0.0,0.0,0.0,0.0,0.0,0.0,0.0,0.0,0.0,1.2,0.0,0.0,0.0,0.0,0.0,0.0,0.0,0.0,0.0,0.0,0.0,0.0,0.0
Eswatini,1.6,91.6,1.6,2.4,139.2,2.4,2.1,121.0,2.1,2.7,158.8,2.7,3.7,221.0,3.7,2.5,149.5,2.5,3.1,184.8,3.1,4.4,260.7,4.4,3.9,230.0,3.9,4.6,271.4,4.6,6.7,397.8,6.7,11.6,683.2,11.6,15.9,938.2,15.9,18.1,1070.3,18.1,18.1,1069.8,18.1,19.9,1176.4,19.9,25.0,1477.9,25.0,24.8,1460.6,24.8,24.4,1439.1,24.4,24.0,1415.0,24.0,23.9,1408.2,23.9,23.1,1363.5,23.1
Ethiopia,21.9,1292.8,21.9,22.6,1335.2,22.6,24.9,1466.6,24.9,27.5,1621.6,27.5,31.3,1844.1,31.3,30.3,1786.4,30.3,31.8,1875.2,31.8,35.9,2116.6,35.9,41.0,2421.2,41.0,56.5,3335.3,56.5,75.0,4427.0,75.0,91.2,5382.4,91.2,108.4,6394.5,108.4,125.9,7427.0,125.9,144.5,8526.2,144.5,156.6,9236.6,156.6,171.2,10103.0,171.2,185.0,10914.6,185.0,199.9,11796.1,199.9,214.8,12674.9,214.8,228.8,13499.9,228.8,240.1,14164.8,240.1
Fiji,0.0,2.8,0.0,0.0,2.7,0.0,0.0,2.7,0.0,0.0,2.0,0.0,0.0,2.6,0.0,0.1,3.3,0.1,0.1,3.2,0.1,0.0,2.6,0.0,0.0,1.9,0.0,0.0,1.9,0.0,0.0,1.9,0.0,0.0,1.3,0.0,0.0,1.3,0.0,0.0,1.3,0.0,0.0,1.4,0.0,0.0,1.3,0.0,0.0,1.3,0.0,0.0,0.6,0.0,0.0,0.6,0.0,0.0,0.6,0.0,0.0,0.6,0.0,0.0,0.6,0.0
Finland,0.0,0.0,0.0,0.0,0.0,0.0,0.0,0.0,0.0,0.0,0.0,0.0,0.0,0.0,0.0,0.0,0.0,0.0,0.0,0.0,0.0,0.0,0.0,0.0,0.0,0.0,0.0,0.0,0.0,0.0,0.0,0.0,0.0,0.0,0.0,0.0,0.0,0.0,0.0,0.0,0.0,0.0,0.0,0.0,0.0,0.0,0.0,0.0,0.0,0.0,0.0,0.0,0.0,0.0,0.0,0.0,0.0,0.0,0.0,0.0,0.0,0.0,0.0,0.0,0.0,0.0
France,0.0,0.5,0.0,0.0,0.5,0.0,0.0,0.5,0.0,0.0,0.5,0.0,0.0,0.5,0.0,0.0,0.6,0.0,0.0,1.7,0.0,0.0,0.0,0.0,0.0,0.0,0.0,0.0,1.7,0.0,0.0,0.0,0.0,0.0,0.0,0.0,0.0,4.7,0.0,0.0,3.3,0.0,0.0,0.0,0.0,0.0,0.0,0.0,0.0,1.6,0.0,0.0,0.0,0.0,0.0,1.7,0.0,0.0,3.3,0.0,0.0,1.4,0.0,1.1,3.0,1.1
Gabon,2.4,141.8,2.4,2.5,145.3,2.5,3.2,188.2,3.2,3.6,210.0,3.6,3.8,224.4,3.8,4.1,240.6,4.1,4.6,271.3,4.6,4.8,285.5,4.8,5.1,300.9,5.1,5.7,333.7,5.7,6.0,354.9,6.0,6.3,369.6,6.3,6.6,391.0,6.6,6.8,402.0,6.8,7.0,414.6,7.0,7.2,427.4,7.2,7.2,424.9,7.2,7.3,428.5,7.3,7.4,434.4,7.4,7.5,440.7,7.5,7.5,441.9,7.5,7.4,435.8,7.4
Gambia,1.0,58.2,1.0,1.2,71.9,1.2,1.1,66.7,1.1,1.0,60.4,1.0,1.0,57.5,1.0,1.0,57.3,1.0,1.0,60.5,1.0,1.1,67.1,1.1,1.1,65.1,1.1,1.2,68.4,1.2,1.4,81.2,1.4,1.7,99.4,1.7,2.3,136.7,2.3,2.6,154.2,2.6,2.6,154.7,2.6,2.6,153.6,2.6,2.6,153.2,2.6,2.6,152.4,2.6,2.5,148.2,2.5,2.4,141.8,2.4,2.3,133.3,2.3,2.1,121.9,2.1
Georgia,0.0,2.0,0.0,0.0,2.0,0.0,0.0,2.0,0.0,0.0,2.0,0.0,0.0,1.3,0.0,0.0,2.0,0.0,0.0,1.9,0.0,0.0,2.3,0.0,0.0,2.8,0.0,0.0,2.8,0.0,0.0,2.3,0.0,0.0,2.4,0.0,0.1,3.0,0.1,0.0,2.9,0.0,0.1,3.0,0.1,0.0,2.5,0.0,0.0,2.7,0.0,0.0,2.1,0.0,0.0,1.5,0.0,0.0,0.8,0.0,0.0,0.7,0.0,0.0,0.4,0.0
Germany,0.0,0.4,0.0,0.0,0.4,0.0,0.0,0.4,0.0,0.0,0.4,0.0,0.0,0.4,0.0,0.0,1.3,0.0,0.0,0.0,0.0,0.0,0.0,0.0,0.0,0.0,0.0,0.0,0.0,0.0,0.0,1.3,0.0,0.0,0.0,0.0,0.0,0.0,0.0,1.1,0.0,1.1,0.0,1.4,0.0,0.0,3.1,0.0,0.0,0.0,0.0,0.0,0.0,0.0,0.0,1.5,0.0,0.0,1.5,0.0,0.0,1.4,0.0,0.0,4.7,0.0
Ghana,19.7,1160.3,19.7,23.3,1375.1,23.3,24.7,1456.2,24.7,26.2,1546.2,26.2,28.4,1674.6,28.4,28.6,1689.5,28.6,29.1,1714.9,29.1,30.0,1767.6,30.0,31.0,1828.0,31.0,31.5,1858.1,31.5,35.1,2070.1,35.1,39.3,2317.5,39.3,42.8,2526.0,42.8,44.9,2651.6,44.9,49.7,2930.9,49.7,54.0,3186.9,54.0,55.5,3272.1,55.5,56.5,3335.1,56.5,58.2,3431.7,58.2,60.0,3537.1,60.0,61.6,3637.0,61.6,62.7,3701.6,62.7
Greece,0.0,0.0,0.0,0.0,0.0,0.0,0.0,0.0,0.0,0.0,0.0,0.0,0.0,0.0,0.0,0.0,0.0,0.0,0.0,0.0,0.0,0.0,0.0,0.0,0.0,0.0,0.0,0.0,0.0,0.0,0.0,0.0,0.0,0.0,0.0,0.0,0.0,0.0,0.0,0.0,0.0,0.0,0.0,0.0,0.0,0.0,0.0,0.0,0.0,0.0,0.0,0.0,0.0,0.0,0.0,0.0,0.0,0.0,0.0,0.0,0.0,1.4,0.0,0.0,0.0,0.0
Grenada,0.0,0.0,0.0,0.0,0.0,0.0,0.0,0.0,0.0,0.0,0.0,0.0,0.0,0.0,0.0,0.0,0.0,0.0,0.0,0.0,0.0,0.0,0.0,0.0,0.0,0.0,0.0,0.0,0.0,0.0,0.0,0.0,0.0,0.0,0.0,0.0,0.0,0.0,0.0,0.0,0.0,0.0,0.0,0.0,0.0,0.0,0.0,0.0,0.0,0.0,0.0,0.0,0.0,0.0,0.0,0.0,0.0,0.0,0.0,0.0,0.0,0.0,0.0,0.0,0.0,0.0
Guatemala,1.7,99.1,1.7,1.8,106.8,1.8,2.0,116.6,2.0,2.2,127.6,2.2,2.4,142.6,2.4,2.5,145.4,2.5,2.6,151.7,2.6,2.6,151.1,2.6,2.8,162.3,2.8,3.4,199.5,3.4,3.7,218.9,3.7,4.3,252.9,4.3,4.7,277.7,4.7,5.3,315.5,5.3,6.1,357.1,6.1,6.7,396.9,6.7,7.6,446.8,7.6,8.0,474.0,8.0,8.3,491.1,8.3,8.4,494.3,8.4,8.2,485.4,8.2,7.9,464.9,7.9
Guinea,11.4,671.8,11.4,12.7,751.0,12.7,15.6,918.2,15.6,16.2,956.4,16.2,15.2,898.8,15.2,14.0,828.2,14.0,14.7,866.2,14.7,12.3,726.1,12.3,13.8,816.1,13.8,15.9,936.5,15.9,16.4,969.2,16.4,17.4,1024.2,17.4,17.4,1027.8,17.4,16.9,999.4,16.9,16.9,998.1,16.9,17.4,1025.8,17.4,17.0,1005.9,17.0,16.6,980.3,16.6,16.5,970.9,16.5,16.5,975.1,16.5,16.6,981.5,16.6,16.5,975.9,16.5
Guinea-Bissau,3.6,213.7,3.6,3.7,219.6,3.7,3.9,230.6,3.9,3.9,232.4,3.9,3.8,224.8,3.8,3.7,218.6,3.7,3.5,206.1,3.5,3.9,229.6,3.9,5.2,306.1,5.2,6.0,352.3,6.0,6.4,378.6,6.4,6.7,394.8,6.7,7.0,411.5,7.0,7.1,420.9,7.1,7.0,415.0,7.0,7.0,413.6,7.0,7.0,414.3,7.0,6.8,400.9,6.8,6.5,385.6,6.5,6.2,367.0,6.2,5.8,343.4,5.8,5.4,315.8,5.4
Guyana,0.0,5.6,0.0,0.0,5.9,0.0,0.0,5.7,0.0,0.0,5.9,0.0,0.0,6.2,0.0,0.0,6.5,0.0,0.0,6.7,0.0,0.0,6.0,0.0,0.0,3.8,0.0,0.0,10.5,0.0,0.0,6.2,0.0,3.2,2.2,3.2,0.0,4.5,0.0,0.0,10.2,0.0,5.1,22.6,5.1,0.0,16.9,0.0,0.0,30.9,0.0,0.0,32.4,0.0,0.0,36.4,0.0,0.0,41.8,0.0,0.0,32.8,0.0,0.0,21.7,0.0
Haiti,2.0,115.4,2.0,2.1,126.2,2.1,2.0,116.2,2.0,1.9,109.4,1.9,2.3,135.7,2.3,2.2,132.3,2.2,1.9,114.9,1.9,2.0,120.2,2.0,2.2,130.4,2.2,2.8,165.5,2.8,4.3,255.8,4.3,8.9,524.9,8.9,5.8,342.8,5.8,7.5,443.9,7.5,8.9,523.7,8.9,10.9,643.1,10.9,12.3,727.7,12.3,13.4,792.3,13.4,14.3,840.9,14.3,15.0,887.8,15.0,15.9,937.0,15.9,16.6,976.7,16.6
Honduras,0.4,21.0,0.4,0.4,21.8,0.4,0.4,21.6,0.4,0.4,21.7,0.4,0.5,26.6,0.5,0.5,27.7,0.5,0.5,28.0,0.5,0.5,28.0,0.5,0.5,31.9,0.5,0.6,36.1,0.6,0.7,39.2,0.7,0.8,49.7,0.8,1.0,61.4,1.0,1.4,81.5,1.4,1.7,101.8,1.7,2.1,124.7,2.1,2.5,147.6,2.5,3.0,178.7,3.0,3.6,212.0,3.6,4.1,239.3,4.1,4.5,262.8,4.5,4.8,281.2,4.8
Hungary,0.0,0.3,0.0,0.0,0.3,0.0,0.0,0.3,0.0,0.0,0.3,0.0,0.0,0.0,0.0,0.0,0.0,0.0,0.0,1.1,0.0,0.0,0.0,0.0,0.0,0.0,0.0,0.0,0.0,0.0,0.0,0.0,0.0,0.0,0.0,0.0,0.0,0.0,0.0,0.0,0.0,0.0,0.0,0.0,0.0,0.0,0.0,0.0,0.0,0.0,0.0,0.0,0.0,0.0,0.0,0.0,0.0,0.0,0.0,0.0,0.0,0.0,0.0,0.0,0.0,0.0
Iceland,0.0,0.0,0.0,0.0,0.0,0.0,0.0,0.0,0.0,0.0,0.0,0.0,0.0,0.0,0.0,0.0,0.0,0.0,0.0,0.0,0.0,0.0,0.0,0.0,0.0,0.0,0.0,0.0,0.0,0.0,0.0,0.0,0.0,0.0,0.0,0.0,0.0,0.0,0.0,0.0,0.0,0.0,0.0,0.0,0.0,0.0,0.0,0.0,0.0,0.0,0.0,0.0,0.0,0.0,0.0,0.0,0.0,0.0,0.0,0.0,0.0,0.0,0.0,0.0,0.0,0.0
India,22.7,1337.8,22.7,27.0,1594.6,27.0,30.6,1805.2,30.6,30.8,1818.7,30.8,30.6,1806.0,30.6,36.8,2169.0,36.8,43.3,2554.4,43.3,49.4,2914.0,49.4,57.3,3380.5,57.3,63.2,3730.9,63.2,78.5,4631.7,78.5,98.3,5801.4,98.3,114.2,6737.0,114.2,135.5,7995.0,135.5,159.9,9436.0,159.9,186.1,10977.7,186.1,209.5,12360.1,209.5,233.2,13760.5,233.2,252.8,14912.8,252.8,271.0,15987.5,271.0,285.5,16845.2,285.5,307.4,18135.8,307.4
Indonesia,23.0,1356.2,23.0,23.7,1400.2,23.7,24.5,1442.7,24.5,25.1,1482.4,25.1,26.1,1539.7,26.1,27.0,1595.4,27.0,27.7,1637.0,27.7,28.2,1661.5,28.2,28.2,1663.4,28.2,27.0,1593.9,27.0,24.6,1452.4,24.6,21.9,1290.8,21.9,20.2,1192.5,20.2,18.4,1084.2,18.4,15.3,905.3,15.3,12.4,732.2,12.4,9.7,570.9,9.7,8.2,486.3,8.2,5.2,303.9,5.2,3.5,207.9,3.5,2.4,139.6,2.4,1.6,94.6,1.6
Iran (Islamic Republic of),0.8,48.0,0.8,0.9,53.2,0.9,1.1,63.7,1.1,1.3,75.2,1.3,1.5,86.1,1.5,1.7,97.5,1.7,1.8,108.0,1.8,2.0,116.9,2.0,2.1,123.9,2.1,2.2,128.6,2.2,2.2,130.3,2.2,2.2,128.8,2.2,2.2,127.1,2.2,2.1,123.6,2.1,2.0,119.3,2.0,1.9,110.9,1.9,1.7,100.8,1.7,1.5,87.8,1.5,1.3,74.1,1.3,1.0,60.2,1.0,0.8,46.4,0.8,0.6,34.4,0.6
Iraq,0.3,17.4,0.3,0.3,16.9,0.3,0.3,17.1,0.3,0.3,16.5,0.3,0.3,16.6,0.3,0.3,16.0,0.3,0.3,16.2,0.3,0.3,15.5,0.3,0.2,14.0,0.2,0.2,13.4,0.2,0.2,12.6,0.2,0.2,11.6,0.2,0.2,10.7,0.2,0.2,10.0,0.2,0.2,10.3,0.2,0.2,9.7,0.2,0.2,9.9,0.2,0.2,9.1,0.2,0.2,9.2,0.2,0.1,8.4,0.1,0.1,8.5,0.1,0.1,7.7,0.1
Ireland,0.0,0.0,0.0,0.0,0.0,0.0,0.0,0.0,0.0,0.0,0.0,0.0,0.0,0.0,0.0,0.0,0.0,0.0,0.0,0.0,0.0,0.0,0.0,0.0,0.0,0.0,0.0,0.0,0.0,0.0,0.0,0.0,0.0,0.0,0.0,0.0,0.0,0.0,0.0,0.0,0.0,0.0,0.0,0.0,0.0,0.0,0.0,0.0,0.0,0.0,0.0,0.0,0.0,0.0,0.0,0.0,0.0,0.0,0.0,0.0,0.0,0.0,0.0,0.0,0.0,0.0
Israel,0.0,0.4,0.0,0.0,0.4,0.0,0.0,0.4,0.0,0.0,0.4,0.0,0.0,0.5,0.0,0.0,0.0,0.0,0.0,0.0,0.0,0.0,1.4,0.0,0.0,0.0,0.0,0.0,0.0,0.0,0.0,0.0,0.0,0.0,0.0,0.0,0.0,0.0,0.0,0.0,0.0,0.0,0.0,0.0,0.0,0.0,0.0,0.0,0.0,0.0,0.0,0.0,0.0,0.0,0.0,0.0,0.0,0.0,3.0,0.0,0.0,1.6,0.0,0.0,0.0,0.0
Italy,0.0,0.0,0.0,0.0,0.0,0.0,0.0,0.0,0.0,0.0,0.0,0.0,0.0,0.0,0.0,0.0,0.0,0.0,0.0,0.0,0.0,0.0,0.0,0.0,0.0,0.0,0.0,0.0,0.0,0.0,0.0,0.0,0.0,0.0,0.0,0.0,0.0,2.7,0.0,0.0,1.3,0.0,0.0,0.0,0.0,0.0,0.0,0.0,0.0,2.5,0.0,0.0,2.5,0.0,0.0,0.0,0.0,0.0,0.0,0.0,0.0,0.0,0.0,0.0,8.2,0.0
Jamaica,0.2,14.5,0.2,0.3,20.2,0.3,0.3,17.8,0.3,0.3,19.2,0.3,0.3,18.9,0.3,0.4,25.3,0.4,0.5,26.6,0.5,0.5,29.8,0.5,0.5,28.2,0.5,0.4,20.6,0.4,0.4,21.5,0.4,0.4,21.8,0.4,0.5,27.8,0.5,0.5,31.2,0.5,0.8,48.7,0.8,1.0,61.7,1.0,1.3,76.1,1.3,1.5,87.5,1.5,1.5,89.9,1.5,1.6,92.7,1.6,1.6,96.1,1.6,1.8,103.8,1.8
Japan,0.0,0.0,0.0,0.0,0.0,0.0,0.0,0.0,0.0,0.0,0.0,0.0,0.0,0.0,0.0,0.0,0.0,0.0,0.0,0.0,0.0,0.0,0.0,0.0,0.0,0.0,0.0,0.0,0.0,0.0,0.0,1.3,0.0,0.0,0.0,0.0,0.0,0.0,0.0,0.0,0.0,0.0,0.0,0.0,0.0,0.0,0.0,0.0,0.0,2.9,0.0,0.0,0.0,0.0,0.0,0.0,0.0,0.0,0.0,0.0,0.0,0.0,0.0,0.0,0.0,0.0
Jordan,0.0,1.5,0.0,0.0,0.8,0.0,0.0,0.8,0.0,0.0,0.8,0.0,0.0,0.7,0.0,0.0,0.7,0.0,0.0,1.4,0.0,0.0,0.6,0.0,0.0,1.3,0.0,0.0,1.3,0.0,0.0,0.7,0.0,0.0,0.7,0.0,0.0,0.7,0.0,0.0,0.7,0.0,0.0,0.7,0.0,0.0,0.7,0.0,0.0,0.7,0.0,0.0,0.7,0.0,0.0,0.7,0.0,0.0,0.7,0.0,0.0,0.7,0.0,0.0,0.7,0.0
Kazakhstan,0.2,14.4,0.2,0.2,11.3,0.2,0.1,8.3,0.1,0.2,9.4,0.2,0.2,9.0,0.2,0.1,7.3,0.1,0.1,6.3,0.1,0.1,7.4,0.1,0.2,10.4,0.2,0.2,9.4,0.2,0.2,12.1,0.2,0.2,13.0,0.2,0.3,15.3,0.3,0.3,16.8,0.3,0.3,15.6,0.3,0.2,11.6,0.2,0.2,9.0,0.2,0.1,6.2,0.1,0.1,3.4,0.1,0.0,2.7,0.0,0.0,2.7,0.0,0.0,2.0,0.0
Kenya,14.1,832.2,14.1,17.3,1022.7,17.3,14.9,880.4,14.9,16.8,990.1,16.8,20.9,1232.0,20.9,23.0,1355.2,23.0,30.5,1800.0,30.5,39.5,2330.7,39.5,48.3,2849.4,48.3,58.0,3421.1,58.0,63.0,3715.1,63.0,71.5,4216.6,71.5,83.9,4948.9,83.9,111.6,6581.5,111.6,147.6,8711.1,147.6,171.5,10116.9,171.5,195.8,11553.8,195.8,223.3,13171.9,223.3,245.6,14490.1,245.6,271.4,16013.0,271.4,296.1,17467.3,296.1,319.5,18849.9,319.5
Kiribati,0.0,0.0,0.0,0.0,0.0,0.0,0.0,0.0,0.0,0.0,0.0,0.0,0.0,0.0,0.0,0.0,0.0,0.0,0.0,0.0,0.0,0.0,0.0,0.0,0.0,0.0,0.0,0.0,0.0,0.0,0.0,0.0,0.0,0.0,0.0,0.0,0.0,0.0,0.0,0.0,0.0,0.0,0.0,0.0,0.0,0.0,0.0,0.0,0.0,0.0,0.0,0.0,0.0,0.0,0.0,0.0,0.0,0.0,0.0,0.0,0.0,0.0,0.0,0.0,0.0,0.0
Kuwait,0.0,0.4,0.0,0.0,0.4,0.0,0.0,0.4,0.0,0.0,0.5,0.0,0.0,0.5,0.0,0.0,0.5,0.0,0.0,0.6,0.0,0.0,1.3,0.0,0.0,0.0,0.0,0.0,0.3,0.0,0.0,0.0,0.0,0.0,0.0,0.0,0.0,0.0,0.0,0.0,0.0,0.0,0.0,0.0,0.0,0.0,0.0,0.0,0.0,0.0,0.0,0.0,0.0,0.0,0.0,0.0,0.0,0.0,0.0,0.0,0.0,0.0,0.0,0.0,0.0,0.0
Kyrgyzstan,0.2,0.3,0.2,0.4,0.3,0.4,0.5,0.3,0.5,0.5,0.3,0.5,0.6,0.4,0.6,0.6,1.2,0.6,0.7,0.0,0.7,0.6,0.0,0.6,0.5,1.2,0.5,0.4,1.3,0.4,0.3,1.3,0.3,0.3,1.4,0.3,0.4,8.2,0.4,0.3,5.7,0.3,0.2,5.0,0.2,0.1,0.0,0.1,0.1,3.1,0.1,0.1,0.0,0.1,0.0,0.0,0.0,0.0,0.0,0.0,0.0,0.0,0.0,0.0,0.0,0.0
Lao People's Democratic Republic,0.3,16.7,0.3,0.4,22.1,0.4,0.4,23.6,0.4,0.4,24.4,0.4,0.4,25.9,0.4,0.4,25.2,0.4,0.5,26.7,0.5,0.5,27.5,0.5,0.5,27.7,0.5,0.5,27.9,0.5,0.5,27.2,0.5,0.5,28.0,0.5,0.5,29.7,0.5,0.5,29.9,0.5,0.5,27.7,0.5,0.5,27.8,0.5,0.5,28.0,0.5,0.4,25.8,0.4,0.4,23.5,0.4,0.3,20.4,0.3,0.3,17.3,0.3,0.2,14.1,0.2
Latvia,0.0,0.0,0.0,0.0,0.0,0.0,0.0,0.0,0.0,0.0,0.0,0.0,0.0,0.0,0.0,0.0,0.0,0.0,0.0,0.0,0.0,0.0,0.0,0.0,0.0,0.0,0.0,0.0,0.0,0.0,0.0,0.0,0.0,0.0,0.0,0.0,0.0,0.0,0.0,0.0,0.0,0.0,0.0,0.0,0.0,0.0,0.0,0.0,0.0,0.0,0.0,0.0,0.0,0.0,0.0,0.0,0.0,0.0,1.2,0.0,0.0,0.0,0.0,0.0,0.0,0.0
Lebanon,0.0,0.6,0.0,0.0,0.7,0.0,0.0,0.7,0.0,0.0,0.8,0.0,0.0,0.8,0.0,0.0,0.8,0.0,0.0,0.8,0.0,0.0,0.8,0.0,0.0,0.8,0.0,0.0,0.9,0.0,0.0,1.0,0.0,0.0,1.0,0.0,0.0,1.1,0.0,0.0,1.1,0.0,0.0,1.1,0.0,0.0,2.2,0.0,0.0,2.2,0.0,0.0,2.2,0.0,0.0,2.2,0.0,0.0,2.3,0.0,0.0,2.3,0.0,0.0,2.3,0.0
Lesotho,10.2,603.3,10.2,11.3,669.2,11.3,11.5,676.7,11.5,9.4,554.3,9.4,7.4,437.0,7.4,8.9,527.1,8.9,13.3,784.1,13.3,13.4,791.7,13.4,13.2,777.2,13.2,13.6,803.4,13.6,15.1,890.8,15.1,18.0,1062.5,18.0,25.9,1525.8,25.9,34.6,2042.0,34.6,36.3,2139.4,36.3,38.8,2290.2,38.8,38.9,2297.9,38.9,38.6,2280.1,38.6,38.3,2261.3,38.3,37.7,2223.3,37.7,36.9,2178.7,36.9,36.0,2125.0,36.0
Liberia,1.7,98.5,1.7,1.9,111.2,1.9,1.8,105.4,1.8,2.2,130.1,2.2,2.9,170.0,2.9,3.5,204.3,3.5,4.0,235.8,4.0,4.6,269.2,4.6,4.4,258.0,4.4,4.7,277.2,4.7,5.4,321.3,5.4,6.0,354.7,6.0,6.8,403.8,6.8,7.5,444.7,7.5,8.1,478.0,8.1,8.2,483.4,8.2,8.4,495.0,8.4,8.8,519.7,8.8,9.3,550.4,9.3,9.7,572.1,9.7,9.9,584.6,9.9,10.0,587.3,10.0
Libya,0.1,5.4,0.1,0.1,5.1,0.1,0.1,6.0,0.1,0.1,6.1,0.1,0.1,6.5,0.1,0.1,6.9,0.1,0.1,7.8,0.1,0.2,9.3,0.2,0.2,10.5,0.2,0.2,11.0,0.2,0.2,14.6,0.2,0.2,11.3,0.2,0.2,11.3,0.2,0.2,11.0,0.2,0.2,10.5,0.2,0.2,9.6,0.2,0.2,9.1,0.2,0.1,7.7,0.1,0.1,6.4,0.1,0.1,5.7,0.1,0.1,4.9,0.1,0.1,4.2,0.1
Lithuania,0.0,0.0,0.0,0.0,0.0,0.0,0.0,0.0,0.0,0.0,0.0,0.0,0.0,0.0,0.0,0.0,0.0,0.0,0.0,0.0,0.0,0.0,0.0,0.0,0.0,0.0,0.0,0.0,0.0,0.0,0.0,0.0,0.0,0.0,0.0,0.0,0.0,0.0,0.0,0.0,0.0,0.0,0.0,0.0,0.0,0.0,0.0,0.0,0.0,0.0,0.0,0.0,0.0,0.0,0.0,0.0,0.0,0.0,0.0,0.0,0.0,0.0,0.0,0.0,0.0,0.0
Luxembourg,0.0,0.0,0.0,0.0,0.0,0.0,0.0,0.0,0.0,0.0,0.0,0.0,0.0,0.0,0.0,0.0,0.0,0.0,0.0,0.0,0.0,0.0,0.0,0.0,0.0,0.0,0.0,0.0,0.0,0.0,0.0,0.0,0.0,0.0,0.0,0.0,0.0,0.0,0.0,0.0,0.0,0.0,0.0,0.0,0.0,0.0,0.0,0.0,0.0,0.0,0.0,0.0,0.0,0.0,0.0,0.0,0.0,0.0,0.0,0.0,0.0,0.0,0.0,0.0,0.0,0.0
Madagascar,11.3,669.1,11.3,9.9,583.4,9.9,8.7,511.1,8.7,7.7,453.4,7.7,6.9,404.3,6.9,5.8,343.8,5.8,4.8,286.0,4.8,4.1,240.8,4.1,3.4,199.1,3.4,2.8,164.3,2.8,2.3,138.3,2.3,2.0,120.0,2.0,1.7,97.7,1.7,1.3,79.4,1.3,1.1,63.3,1.1,0.9,50.7,0.9,0.7,40.7,0.7,0.5,31.8,0.5,0.4,25.3,0.4,0.3,19.6,0.3,0.3,14.8,0.3,0.2,10.9,0.2
Malawi,10.1,594.5,10.1,11.6,682.4,11.6,15.2,896.7,15.2,19.0,1119.8,19.0,25.3,1492.8,25.3,30.8,1815.6,30.8,36.7,2165.9,36.7,41.2,2432.7,41.2,52.8,3116.3,52.8,70.9,4183.4,70.9,86.5,5104.5,86.5,100.6,5937.6,100.6,110.2,6503.0,110.2,124.6,7351.8,124.6,144.3,8515.5,144.3,151.9,8960.7,151.9,161.4,9523.3,161.4,172.9,10200.8,172.9,187.8,11078.5,187.8,204.4,12059.8,204.4,221.3,13056.5,221.3,235.4,13885.8,235.4
Malaysia,0.0,1.3,0.0,0.0,1.3,0.0,0.0,1.3,0.0,0.0,1.9,0.0,0.0,2.6,0.0,0.1,5.0,0.1,0.1,8.0,0.1,0.2,11.8,0.2,0.2,11.8,0.2,0.2,12.5,0.2,0.2,12.5,0.2,0.2,11.2,0.2,0.2,11.9,0.2,0.2,12.3,0.2,0.2,13.6,0.2,0.2,13.3,0.2,0.2,13.2,0.2,0.2,13.4,0.2,0.2,13.7,0.2,0.2,14.1,0.2,0.3,15.8,0.3,0.3,16.5,0.3
Maldives,0.0,0.0,0.0,0.0,0.0,0.0,0.0,0.0,0.0,0.0,0.0,0.0,0.0,0.0,0.0,0.0,0.0,0.0,0.0,0.0,0.0,0.0,0.0,0.0,0.0,0.0,0.0,0.0,0.0,0.0,0.0,0.0,0.0,0.0,0.0,0.0,0.0,0.0,0.0,0.0,0.0,0.0,0.0,0.0,0.0,0.0,0.0,0.0,0.0,0.0,0.0,0.0,0.0,0.0,0.0,0.0,0.0,0.0,0.0,0.0,0.0,0.0,0.0,0.0,0.0,0.0
Mali,9.9,583.8,9.9,10.5,622.2,10.5,10.2,600.3,10.2,10.6,624.0,10.6,10.4,614.7,10.4,10.7,630.4,10.7,11.1,654.3,11.1,11.1,654.2,11.1,10.6,626.3,10.6,10.2,602.8,10.2,11.7,690.2,11.7,13.7,808.8,13.7,15.5,914.1,15.5,17.4,1025.7,17.4,17.5,1030.1,17.5,18.4,1086.1,18.4,18.7,1105.0,18.7,18.6,1100.0,18.6,18.7,1101.4,18.7,18.7,1100.7,18.7,18.5,1093.6,18.5,18.4,1084.4,18.4
Malta,0.0,0.0,0.0,0.0,0.0,0.0,0.0,0.0,0.0,0.0,0.0,0.0,0.0,0.0,0.0,0.0,0.0,0.0,0.0,0.0,0.0,0.0,0.0,0.0,0.0,0.0,0.0,0.0,0.0,0.0,0.0,0.0,0.0,0.0,0.0,0.0,0.0,0.0,0.0,0.0,0.0,0.0,0.0,0.0,0.0,0.0,0.0,0.0,0.0,0.0,0.0,0.0,0.0,0.0,0.0,0.0,0.0,0.0,0.0,0.0,0.0,0.0,0.0,0.0,0.0,0.0
Marshall Islands,0.0,0.0,0.0,0.0,0.0,0.0,0.0,0.0,0.0,0.0,0.0,0.0,0.0,0.0,0.0,0.0,0.0,0.0,0.0,0.0,0.0,0.0,0.0,0.0,0.0,0.0,0.0,0.0,0.0,0.0,0.0,0.0,0.0,0.0,0.0,0.0,0.0,0.0,0.0,0.0,0.0,0.0,0.0,0.0,0.0,0.0,0.0,0.0,0.0,0.0,0.0,0.0,0.0,0.0,0.0,0.0,0.0,0.0,0.0,0.0,0.0,0.0,0.0,0.0,0.0,0.0
Mauritania,0.5,28.3,0.5,0.5,27.5,0.5,0.5,27.9,0.5,0.5,31.9,0.5,0.5,29.3,0.5,0.4,25.7,0.4,0.4,25.1,0.4,0.6,32.5,0.6,0.7,40.6,0.7,0.7,40.3,0.7,0.7,40.4,0.7,0.7,42.3,0.7,0.7,44.0,0.7,0.8,47.3,0.8,0.9,50.4,0.9,0.9,54.7,0.9,1.0,59.2,1.0,1.1,63.4,1.1,1.1,67.8,1.1,1.2,72.2,1.2,1.3,75.4,1.3,1.3,76.2,1.3
Mauritius,0.0,0.6,0.0,0.0,0.6,0.0,0.0,0.6,0.0,0.0,0.6,0.0,0.0,0.0,0.0,0.0,1.5,0.0,0.0,0.0,0.0,0.0,0.0,0.0,0.0,0.0,0.0,0.0,0.0,0.0,0.0,0.0,0.0,0.0,2.2,0.0,0.0,0.0,0.0,0.0,1.3,0.0,0.0,0.0,0.0,0.0,0.0,0.0,0.0,1.4,0.0,0.0,0.0,0.0,0.0,0.0,0.0,0.0,0.0,0.0,0.0,0.0,0.0,0.0,0.0,0.0
Mexico,0.1,27.5,0.1,0.2,28.3,0.2,0.2,31.0,0.2,0.1,33.7,0.1,0.4,37.7,0.4,0.0,48.6,0.0,0.0,50.4,0.0,1.2,39.9,1.2,1.2,60.3,1.2,3.4,56.9,3.4,3.4,78.6,3.4,2.3,69.2,2.3,3.4,101.1,3.4,1.2,103.3,1.2,5.8,105.8,5.8,0.0,111.8,0.0,0.0,93.6,0.0,3.7,136.2,3.7,1.3,137.6,1.3,1.3,102.4,1.3,1.4,85.8,1.4,4.3,87.3,4.3
Micronesia (Federated States of),0.0,0.0,0.0,0.0,0.0,0.0,0.0,0.0,0.0,0.0,0.0,0.0,0.0,0.0,0.0,0.0,0.0,0.0,0.0,0.0,0.0,0.0,0.0,0.0,0.0,0.0,0.0,0.0,0.0,0.0,0.0,0.0,0.0,0.0,0.0,0.0,0.0,0.0,0.0,0.0,0.0,0.0,0.0,0.0,0.0,0.0,0.0,0.0,0.0,0.0,0.0,0.0,0.0,0.0,0.0,0.0,0.0,0.0,0.0,0.0,0.0,0.0,0.0,0.0,0.0,0.0
Monaco,0.0,0.0,0.0,0.0,0.0,0.0,0.0,0.0,0.0,0.0,0.0,0.0,0.0,0.0,0.0,0.0,0.0,0.0,0.0,0.0,0.0,0.0,0.0,0.0,0.0,0.0,0.0,0.0,0.0,0.0,0.0,0.0,0.0,0.0,0.0,0.0,0.0,0.0,0.0,0.0,0.0,0.0,0.0,0.0,0.0,0.0,0.0,0.0,0.0,0.0,0.0,0.0,0.0,0.0,0.0,0.0,0.0,0.0,0.0,0.0,0.0,0.0,0.0,0.0,0.0,0.0
Mongolia,0.0,0.4,0.0,0.0,0.4,0.0,0.0,0.3,0.0,0.0,0.3,0.0,0.0,0.2,0.0,0.0,0.3,0.0,0.0,0.4,0.0,0.0,0.4,0.0,0.0,0.4,0.0,0.0,0.4,0.0,0.0,0.3,0.0,0.0,0.3,0.0,0.0,0.3,0.0,0.0,0.2,0.0,0.0,0.1,0.0,0.0,0.1,0.0,0.0,0.1,0.0,0.0,0.1,0.0,0.0,0.1,0.0,0.0,0.1,0.0,0.0,0.0,0.0,0.0,0.0,0.0
Montenegro,0.0,0.0,0.0,0.0,0.0,0.0,0.0,0.0,0.0,0.0,0.0,0.0,0.0,0.0,0.0,0.0,0.0,0.0,0.0,0.0,0.0,0.0,0.0,0.0,0.0,0.0,0.0,0.0,0.0,0.0,0.0,0.0,0.0,0.0,0.0,0.0,0.0,0.0,0.0,0.0,0.0,0.0,0.0,0.0,0.0,0.0,0.0,0.0,0.0,0.0,0.0,0.0,0.0,0.0,0.0,0.0,0.0,0.0,0.0,0.0,0.0,0.0,0.0,0.0,0.0,0.0
Morocco,0.5,27.0,0.5,0.6,33.3,0.6,0.7,38.5,0.7,0.7,43.2,0.7,0.8,46.3,0.8,0.8,44.7,0.8,0.7,44.2,0.7,0.9,54.0,0.9,1.0,61.2,1.0,1.1,66.3,1.1,1.2,72.6,1.2,1.3,74.6,1.3,1.4,79.9,1.4,1.4,84.6,1.4,1.5,86.5,1.5,1.4,84.9,1.4,1.4,83.4,1.4,1.4,82.0,1.4,1.3,78.9,1.3,1.3,74.9,1.3,1.2,71.9,1.2,1.2,68.2,1.2
Mozambique,63.0,3719.3,63.0,65.3,3853.0,65.3,63.2,3729.3,63.2,67.0,3954.7,67.0,65.5,3865.2,65.5,65.7,3875.5,65.7,71.9,4242.6,71.9,86.2,5084.7,86.2,96.4,5688.5,96.4,108.8,6417.7,108.8,119.1,7026.4,119.1,128.7,7595.4,128.7,123.1,7260.5,123.1,135.9,8019.0,135.9,147.4,8698.9,147.4,165.9,9790.9,165.9,169.4,9993.7,169.4,170.4,10053.0,170.4,169.0,9972.5,169.0,165.1,9740.9,165.1,158.9,9376.3,158.9,150.8,8897.7,150.8
Myanmar,6.6,391.2,6.6,4.7,275.3,4.7,4.5,267.2,4.5,3.9,231.6,3.9,3.0,176.6,3.0,3.6,212.6,3.6,4.2,250.3,4.2,5.0,293.5,5.0,6.1,359.5,6.1,6.9,408.2,6.9,7.6,450.6,7.6,8.8,517.0,8.8,10.1,595.9,10.1,16.5,970.7,16.5,12.0,710.3,12.0,12.3,725.2,12.3,12.3,726.8,12.3,11.9,704.0,11.9,11.3,667.4,11.3,10.3,607.2,10.3,9.0,528.5,9.0,7.6,449.8,7.6
Namibia,2.2,129.1,2.2,2.3,133.0,2.3,2.7,160.2,2.7,3.2,191.2,3.2,3.2,191.2,3.2,3.6,212.7,3.6,3.8,221.8,3.8,2.8,166.9,2.8,4.9,290.9,4.9,7.0,412.8,7.0,6.2,367.1,6.2,6.9,404.3,6.9,9.3,550.0,9.3,11.9,699.4,11.9,16.1,949.3,16.1,18.9,1114.8,18.9,22.3,1312.8,22.3,24.7,1458.5,24.7,24.9,1466.6,24.9,25.5,1503.4,25.5,26.1,1542.3,26.1,26.4,1559.6,26.4
Nauru,0.0,0.0,0.0,0.0,0.0,0.0,0.0,0.0,0.0,0.0,0.0,0.0,0.0,0.0,0.0,0.0,0.0,0.0,0.0,0.0,0.0,0.0,0.0,0.0,0.0,0.0,0.0,0.0,0.0,0.0,0.0,0.0,0.0,0.0,0.0,0.0,0.0,0.0,0.0,0.0,0.0,0.0,0.0,0.0,0.0,0.0,0.0,0.0,0.0,0.0,0.0,0.0,0.0,0.0,0.0,0.0,0.0,0.0,0.0,0.0,0.0,0.0,0.0,0.0,0.0,0.0
Nepal,0.2,10.1,0.2,0.3,15.7,0.3,0.3,16.4,0.3,0.3,20.0,0.3,0.4,25.9,0.4,0.5,32.0,0.5,0.6,38.2,0.6,0.8,44.3,0.8,0.9,51.0,0.9,1.1,62.8,1.1,1.2,73.5,1.2,1.4,82.7,1.4,1.6,96.5,1.6,1.8,104.6,1.8,1.8,107.8,1.8,1.8,107.5,1.8,1.8,108.1,1.8,1.8,104.5,1.8,1.6,96.6,1.6,1.4,85.1,1.4,1.2,70.6,1.2,0.9,53.9,0.9
Netherlands (Kingdom of the),0.0,0.0,0.0,0.0,0.0,0.0,0.0,0.0,0.0,0.0,0.0,0.0,0.0,0.0,0.0,0.0,0.0,0.0,0.0,0.0,0.0,0.0,0.0,0.0,0.0,0.0,0.0,0.0,0.0,0.0,0.0,0.0,0.0,0.0,0.0,0.0,0.0,0.0,0.0,0.0,0.0,0.0,0.0,0.0,0.0,0.0,0.0,0.0,0.0,0.0,0.0,0.0,0.0,0.0,0.0,0.0,0.0,0.0,0.0,0.0,0.0,0.0,0.0,0.0,0.0,0.0
New Zealand,0.0,0.0,0.0,0.0,0.0,0.0,0.0,0.0,0.0,0.0,0.0,0.0,0.0,0.0,0.0,0.0,0.0,0.0,0.0,0.0,0.0,0.0,0.0,0.0,0.0,0.0,0.0,0.0,0.0,0.0,0.0,0.0,0.0,0.0,0.0,0.0,0.0,0.0,0.0,0.0,0.0,0.0,0.0,0.0,0.0,0.0,0.0,0.0,0.0,0.0,0.0,0.0,0.0,0.0,0.0,0.0,0.0,0.0,0.0,0.0,0.0,0.0,0.0,0.0,0.0,0.0
Nicaragua,0.0,0.4,0.0,0.0,0.4,0.0,0.0,0.4,0.0,0.0,0.4,0.0,0.0,0.0,0.0,0.0,0.0,0.0,0.0,1.3,0.0,0.0,1.7,0.0,0.0,1.1,0.0,0.0,1.2,0.0,0.0,1.3,0.0,0.0,1.4,0.0,0.0,1.5,0.0,0.0,1.7,0.0,0.0,1.8,0.0,0.0,2.1,0.0,0.0,2.3,0.0,0.0,2.5,0.0,0.0,2.7,0.0,0.0,2.9,0.0,0.0,3.1,0.0,0.0,3.3,0.0
Niger,4.0,238.7,4.0,4.0,235.6,4.0,3.8,222.9,3.8,3.4,200.9,3.4,2.9,171.6,2.9,2.6,151.7,2.6,3.6,212.5,3.6,2.8,165.1,2.8,3.0,178.7,3.0,3.5,206.3,3.5,3.9,228.1,3.9,4.7,277.4,4.7,6.6,392.0,6.6,7.4,436.3,7.4,8.3,488.3,8.3,8.8,518.3,8.8,9.2,544.7,9.2,9.7,575.1,9.7,10.3,608.0,10.3,10.6,626.2,10.6,10.7,632.8,10.7,10.6,623.7,10.6
Nigeria,177.3,10462.8,177.3,185.3,10930.9,185.3,181.6,10713.8,181.6,169.0,9972.6,169.0,163.2,9626.2,163.2,151.0,8907.8,151.0,151.1,8916.4,151.1,152.0,8966.5,152.0,172.1,10155.1,172.1,198.3,11697.8,198.3,204.1,12042.1,204.1,210.4,12411.9,210.4,216.8,12793.2,216.8,227.8,13440.8,227.8,248.3,14650.5,248.3,263.6,15551.8,263.6,278.3,16418.0,278.3,280.0,16522.5,280.0,283.3,16717.4,283.3,286.1,16877.7,286.1,286.9,16927.0,286.9,283.7,16741.0,283.7
Niue,0.0,0.0,0.0,0.0,0.0,0.0,0.0,0.0,0.0,0.0,0.0,0.0,0.0,0.0,0.0,0.0,0.0,0.0,0.0,0.0,0.0,0.0,0.0,0.0,0.0,0.0,0.0,0.0,0.0,0.0,0.0,0.0,0.0,0.0,0.0,0.0,0.0,0.0,0.0,0.0,0.0,0.0,0.0,0.0,0.0,0.0,0.0,0.0,0.0,0.0,0.0,0.0,0.0,0.0,0.0,0.0,0.0,0.0,0.0,0.0,0.0,0.0,0.0,0.0,0.0,0.0
North Macedonia,0.0,0.0,0.0,0.0,0.0,0.0,0.0,0.0,0.0,0.0,0.0,0.0,0.0,0.0,0.0,0.0,0.0,0.0,0.0,0.0,0.0,0.0,0.0,0.0,0.0,0.0,0.0,0.0,0.0,0.0,0.0,0.0,0.0,0.0,0.0,0.0,0.0,0.0,0.0,0.0,0.0,0.0,0.0,0.0,0.0,0.0,0.0,0.0,0.0,0.0,0.0,0.0,0.0,0.0,0.0,0.0,0.0,0.0,0.0,0.0,0.0,0.0,0.0,0.0,0.0,0.0
Norway,0.0,0.0,0.0,0.0,0.0,0.0,0.0,0.0,0.0,0.0,0.0,0.0,0.0,0.0,0.0,0.0,0.0,0.0,0.0,0.0,0.0,0.0,0.0,0.0,0.0,0.0,0.0,0.0,0.0,0.0,0.0,0.0,0.0,0.0,0.0,0.0,0.0,0.0,0.0,0.0,0.0,0.0,0.0,0.0,0.0,0.0,0.0,0.0,0.0,0.0,0.0,0.0,0.0,0.0,0.0,0.0,0.0,0.0,0.0,0.0,0.0,1.6,0.0,0.0,0.0,0.0
Oman,0.1,4.2,0.1,0.1,4.4,0.1,0.1,3.9,0.1,0.1,3.0,0.1,0.0,2.9,0.0,0.1,3.2,0.1,0.1,3.1,0.1,0.1,3.0,0.1,0.0,1.9,0.0,0.0,1.8,0.0,0.0,1.7,0.0,0.0,1.6,0.0,0.1,3.6,0.1,0.1,3.4,0.1,0.1,3.2,0.1,0.1,3.1,0.1,0.1,3.1,0.1,0.1,3.4,0.1,0.1,3.3,0.1,0.1,3.7,0.1,0.1,3.7,0.1,0.1,3.8,0.1
Pakistan,6.6,386.7,6.6,7.1,417.1,7.1,7.2,422.7,7.2,6.8,400.1,6.8,6.4,377.2,6.4,6.0,355.3,6.0,5.5,326.3,5.5,5.1,299.1,5.1,4.5,264.5,4.5,3.9,228.1,3.9,3.1,181.0,3.1,2.4,140.7,2.4,1.8,103.3,1.8,1.2,71.1,1.2,0.7,43.6,0.7,0.4,24.0,0.4,0.2,13.0,0.2,0.1,6.5,0.1,0.1,4.7,0.1,0.1,3.7,0.1,0.0,2.8,0.0,0.0,2.8,0.0
Palau,0.0,0.0,0.0,0.0,0.0,0.0,0.0,0.0,0.0,0.0,0.0,0.0,0.0,0.0,0.0,0.0,0.0,0.0,0.0,0.0,0.0,0.0,0.0,0.0,0.0,0.0,0.0,0.0,0.0,0.0,0.0,0.0,0.0,0.0,0.0,0.0,0.0,0.0,0.0,0.0,0.0,0.0,0.0,0.0,0.0,0.0,0.0,0.0,0.0,0.0,0.0,0.0,0.0,0.0,0.0,0.0,0.0,0.0,0.0,0.0,0.0,0.0,0.0,0.0,0.0,0.0
Panama,0.0,2.7,0.0,0.0,2.8,0.0,0.0,3.0,0.0,0.0,3.1,0.0,0.0,3.2,0.0,0.0,3.9,0.0,0.0,3.3,0.0,0.0,3.0,0.0,0.0,4.9,0.0,0.0,2.1,0.0,0.0,1.2,0.0,1.9,4.5,1.9,0.0,3.5,0.0,0.0,3.8,0.0,1.8,10.0,1.8,0.0,6.4,0.0,1.8,8.0,1.8,0.0,15.0,0.0,2.1,7.5,2.1,2.1,9.3,2.1,0.0,8.1,0.0,0.0,13.0,0.0
Papua New Guinea,3.0,178.5,3.0,2.6,153.9,2.6,2.5,150.0,2.5,2.8,166.4,2.8,2.9,172.0,2.9,2.9,169.5,2.9,2.7,160.7,2.7,2.7,158.1,2.7,2.8,165.1,2.8,2.9,169.6,2.9,2.9,170.4,2.9,2.9,170.8,2.9,2.9,168.9,2.9,3.2,191.6,3.2,3.4,200.9,3.4,3.4,197.8,3.4,3.2,191.1,3.2,3.1,180.2,3.1,2.8,162.9,2.8,2.4,141.2,2.4,2.0,116.0,2.0,1.6,91.5,1.6
Paraguay,0.3,18.1,0.3,0.3,16.7,0.3,0.3,20.4,0.3,0.4,21.8,0.4,0.4,23.7,0.4,0.4,23.3,0.4,0.4,21.5,0.4,0.3,17.5,0.3,0.3,15.7,0.3,0.3,17.3,0.3,0.3,20.4,0.3,0.4,22.0,0.4,0.4,23.2,0.4,0.4,22.0,0.4,0.4,22.8,0.4,0.5,29.3,0.5,0.6,36.0,0.6,0.6,34.5,0.6,0.6,33.5,0.6,0.5,32.2,0.5,0.5,30.1,0.5,0.5,27.4,0.5
Peru,0.7,41.5,0.7,0.6,35.3,0.6,0.6,37.4,0.6,0.8,47.0,0.8,0.6,38.3,0.6,0.5,31.6,0.5,0.6,35.9,0.6,0.7,41.7,0.7,0.9,54.2,0.9,1.0,57.4,1.0,1.0,59.2,1.0,1.1,66.6,1.1,1.3,76.1,1.3,1.5,87.6,1.5,1.7,98.5,1.7,1.9,111.3,1.9,1.9,114.4,1.9,1.9,109.5,1.9,1.9,113.4,1.9,2.2,126.9,2.2,2.3,137.7,2.3,2.4,142.4,2.4
Philippines,1.0,59.5,1.0,0.9,51.4,0.9,0.7,43.9,0.7,0.7,38.6,0.7,0.6,33.8,0.6,0.5,28.9,0.5,0.4,23.4,0.4,0.5,28.6,0.5,0.4,23.1,0.4,0.3,19.3,0.3,0.3,14.9,0.3,0.2,11.4,0.2,0.2,9.9,0.2,0.1,8.3,0.1,0.1,7.5,0.1,0.1,5.9,0.1,0.1,5.1,0.1,0.1,4.4,0.1,0.1,3.6,0.1,0.0,2.9,0.0,0.0,2.9,0.0,0.0,2.2,0.0
Poland,0.0,0.0,0.0,0.0,0.0,0.0,0.0,0.0,0.0,0.0,0.0,0.0,0.0,0.0,0.0,0.0,0.0,0.0,0.0,0.0,0.0,0.0,0.0,0.0,0.0,0.0,0.0,0.0,1.2,0.0,0.0,1.3,0.0,0.0,1.3,0.0,0.0,1.3,0.0,0.0,0.0,0.0,0.0,0.0,0.0,0.0,1.4,0.0,0.0,0.0,0.0,0.0,1.5,0.0,0.0,2.9,0.0,0.0,1.4,0.0,0.0,1.2,0.0,0.0,0.0,0.0
Portugal,0.0,0.0,0.0,0.0,0.0,0.0,0.0,0.0,0.0,0.0,0.0,0.0,0.0,0.0,0.0,0.0,0.0,0.0,0.0,0.0,0.0,0.0,0.0,0.0,0.0,0.3,0.0,0.0,0.5,0.0,0.0,0.8,0.0,0.0,1.0,0.0,0.0,1.3,0.0,0.0,1.5,0.0,0.0,1.8,0.0,0.0,2.2,0.0,0.0,2.4,0.0,0.0,1.5,0.0,0.0,1.3,0.0,0.0,2.3,0.0,0.1,4.5,0.1,0.1,1.5,0.1
Qatar,0.0,0.5,0.0,0.0,0.8,0.0,0.0,1.0,0.0,0.0,0.9,0.0,0.0,1.0,0.0,0.0,0.8,0.0,0.0,0.7,0.0,0.0,0.9,0.0,0.0,0.8,0.0,0.0,0.8,0.0,0.0,0.7,0.0,0.0,0.6,0.0,0.0,0.5,0.0,0.0,0.5,0.0,0.0,0.5,0.0,0.0,0.4,0.0,0.0,0.4,0.0,0.0,0.4,0.0,0.0,0.4,0.0,0.0,0.4,0.0,0.0,0.4,0.0,0.0,0.3,0.0
Republic of Korea,0.0,0.0,0.0,0.0,0.0,0.0,0.0,0.0,0.0,0.0,0.0,0.0,0.0,0.0,0.0,0.0,0.0,0.0,0.0,0.0,0.0,0.0,0.0,0.0,0.0,0.0,0.0,0.0,0.0,0.0,0.0,0.0,0.0,0.0,1.4,0.0,0.0,0.0,0.0,0.0,0.0,0.0,0.0,0.0,0.0,0.0,0.0,0.0,0.0,1.5,0.0,0.0,1.4,0.0,0.0,0.0,0.0,0.0,0.0,0.0,0.0,0.0,0.0,0.0,1.5,0.0
Republic of Moldova,0.0,0.0,0.0,0.0,0.0,0.0,0.0,0.0,0.0,0.0,0.0,0.0,0.0,0.0,0.0,0.0,0.0,0.0,0.0,0.0,0.0,0.0,0.0,0.0,0.0,0.0,0.0,0.0,1.0,0.0,0.0,1.0,0.0,0.0,0.0,0.0,0.0,0.0,0.0,0.0,0.0,0.0,0.0,0.0,0.0,0.0,0.0,0.0,0.0,1.1,0.0,0.0,0.0,0.0,0.0,0.0,0.0,0.0,1.2,0.0,0.0,0.0,0.0,0.0,0.0,0.0
Romania,0.1,0.0,0.1,0.1,0.0,0.1,0.1,0.0,0.1,0.3,0.0,0.3,0.0,0.0,0.0,0.0,0.0,0.0,1.1,0.0,1.1,0.0,1.2,0.0,0.0,0.0,0.0,0.0,1.2,0.0,0.0,3.9,0.0,0.0,2.6,0.0,0.0,4.0,0.0,0.0,0.0,0.0,1.1,3.7,1.1,0.0,1.1,0.0,0.0,2.2,0.0,0.0,2.1,0.0,0.0,4.0,0.0,0.0,3.7,0.0,0.0,1.8,0.0,0.0,5.9,0.0
Russian Federation,12.9,761.6,12.9,17.1,1010.4,17.1,15.7,923.4,15.7,15.0,882.2,15.0,14.9,881.8,14.9,13.7,808.9,13.7,13.0,765.2,13.0,14.1,831.9,14.1,14.5,856.9,14.5,12.0,708.6,12.0,8.3,487.4,8.3,5.5,324.8,5.5,6.8,401.6,6.8,6.2,364.2,6.2,5.0,293.7,5.0,4.1,239.9,4.1,3.8,223.6,3.8,3.8,221.6,3.8,4.5,263.7,4.5,4.9,289.9,4.9,4.1,242.8,4.1,3.5,206.1,3.5
Rwanda,3.0,175.0,3.0,3.2,190.0,3.2,3.7,220.9,3.7,3.7,216.8,3.7,3.2,188.1,3.2,2.9,170.0,2.9,3.2,190.8,3.2,3.9,231.7,3.9,4.6,269.3,4.6,5.5,322.3,5.5,6.1,360.2,6.1,10.5,616.8,10.5,14.1,832.5,14.1,17.9,1056.5,17.9,22.2,1309.4,22.2,25.0,1477.0,25.0,28.3,1669.3,28.3,32.1,1894.2,32.1,36.4,2149.0,36.4,39.3,2316.1,39.3,42.1,2484.5,42.1,44.1,2599.4,44.1
Saint Kitts and Nevis,0.0,0.0,0.0,0.0,0.0,0.0,0.0,0.0,0.0,0.0,0.0,0.0,0.0,0.0,0.0,0.0,0.0,0.0,0.0,0.0,0.0,0.0,0.0,0.0,0.0,0.0,0.0,0.0,0.0,0.0,0.0,0.0,0.0,0.0,0.0,0.0,0.0,0.0,0.0,0.0,0.0,0.0,0.0,0.8,0.0,0.0,0.0,0.0,0.0,0.0,0.0,0.0,0.0,0.0,0.0,0.0,0.0,0.0,0.0,0.0,0.0,0.0,0.0,0.0,0.0,0.0
Saint Lucia,0.0,0.0,0.0,0.0,0.0,0.0,0.0,0.0,0.0,0.0,0.0,0.0,0.0,0.0,0.0,0.0,0.0,0.0,0.0,0.0,0.0,0.0,0.0,0.0,0.0,0.0,0.0,0.0,0.0,0.0,0.0,0.0,0.0,0.0,0.0,0.0,0.0,0.0,0.0,0.0,0.0,0.0,0.0,0.2,0.0,0.0,0.0,0.0,0.0,0.0,0.0,0.0,1.2,0.0,0.0,0.0,0.0,0.0,0.0,0.0,0.0,1.4,0.0,0.0,1.2,0.0
Saint Vincent and the Grenadines,0.0,0.0,0.0,0.0,0.0,0.0,0.0,0.0,0.0,0.0,0.0,0.0,0.0,0.0,0.0,0.0,0.0,0.0,0.0,0.0,0.0,0.0,0.0,0.0,0.0,0.0,0.0,0.0,0.0,0.0,0.0,0.0,0.0,0.0,0.0,0.0,0.0,0.0,0.0,0.0,1.3,0.0,0.0,0.4,0.0,0.0,0.0,0.0,0.0,1.5,0.0,0.0,0.0,0.0,0.0,1.1,0.0,0.0,1.7,0.0,0.0,0.0,0.0,0.0,3.3,0.0
Samoa,0.0,0.0,0.0,0.0,0.0,0.0,0.0,0.0,0.0,0.0,0.0,0.0,0.0,0.0,0.0,0.0,0.0,0.0,0.0,0.0,0.0,0.0,0.0,0.0,0.0,0.0,0.0,0.0,0.0,0.0,0.0,0.0,0.0,0.0,0.0,0.0,0.0,0.0,0.0,0.0,0.0,0.0,0.0,0.0,0.0,0.0,0.0,0.0,0.0,0.0,0.0,0.0,0.0,0.0,0.0,0.0,0.0,0.0,0.0,0.0,0.0,0.0,0.0,0.0,0.0,0.0
San Marino,0.0,0.0,0.0,0.0,0.0,0.0,0.0,0.0,0.0,0.0,0.0,0.0,0.0,0.0,0.0,0.0,0.0,0.0,0.0,0.0,0.0,0.0,0.0,0.0,0.0,0.0,0.0,0.0,0.0,0.0,0.0,0.0,0.0,0.0,0.0,0.0,0.0,0.0,0.0,0.0,0.0,0.0,0.0,0.0,0.0,0.0,0.0,0.0,0.0,0.0,0.0,0.0,0.0,0.0,0.0,0.0,0.0,0.0,0.0,0.0,0.0,0.0,0.0,0.0,0.0,0.0
Sao Tome and Principe,0.0,1.1,0.0,0.0,1.5,0.0,0.0,1.6,0.0,0.0,2.4,0.0,0.0,2.6,0.0,0.1,3.3,0.1,0.1,3.0,0.1,0.1,3.7,0.1,0.1,4.0,0.1,0.1,5.3,0.1,0.1,7.2,0.1,0.1,8.0,0.1,0.2,9.4,0.2,0.2,10.9,0.2,0.2,13.6,0.2,0.3,16.4,0.3,0.3,19.2,0.3,0.4,22.2,0.4,0.4,23.9,0.4,0.4,26.2,0.4,0.5,27.8,0.5,0.5,28.7,0.5
Saudi Arabia,0.1,3.7,0.1,0.1,3.2,0.1,0.0,2.6,0.0,0.0,2.6,0.0,0.1,3.3,0.1,0.1,3.4,0.1,0.1,5.6,0.1,0.1,7.9,0.1,0.2,9.6,0.2,0.2,12.6,0.2,0.2,11.8,0.2,0.2,14.6,0.2,0.3,15.2,0.3,0.3,16.0,0.3,0.3,16.8,0.3,0.3,16.9,0.3,0.3,17.3,0.3,0.3,18.2,0.3,0.3,19.1,0.3,0.3,19.8,0.3,0.3,19.5,0.3,0.3,19.8,0.3
Senegal,2.2,129.9,2.2,2.4,140.4,2.4,2.7,157.8,2.7,3.5,206.6,3.5,3.6,215.0,3.6,3.9,230.0,3.9,5.0,295.7,5.0,6.1,357.7,6.1,6.4,375.4,6.4,7.1,418.3,7.1,7.3,433.4,7.3,7.7,454.0,7.7,8.0,473.8,8.0,8.8,520.5,8.8,9.7,572.6,9.7,10.2,600.7,10.2,10.3,607.3,10.3,10.3,607.3,10.3,10.2,604.6,10.2,10.1,595.6,10.1,9.7,572.8,9.7,9.1,537.4,9.1
Serbia,0.0,0.0,0.0,0.0,0.0,0.0,0.0,0.0,0.0,0.0,0.0,0.0,0.0,0.0,0.0,0.0,0.0,0.0,0.0,0.0,0.0,0.0,0.0,0.0,0.0,0.0,0.0,0.0,0.0,0.0,0.0,0.0,0.0,0.0,0.0,0.0,0.0,1.2,0.0,0.0,0.0,0.0,0.0,0.0,0.0,0.0,0.0,0.0,0.0,0.0,0.0,0.0,0.0,0.0,0.0,0.0,0.0,0.0,0.0,0.0,0.0,0.0,0.0,0.0,3.0,0.0
Seychelles,0.0,0.0,0.0,0.0,0.0,0.0,0.0,0.0,0.0,0.0,0.0,0.0,0.0,0.0,0.0,0.0,0.0,0.0,0.0,0.0,0.0,0.0,0.0,0.0,0.0,0.0,0.0,0.0,0.0,0.0,0.0,0.0,0.0,0.0,0.0,0.0,0.0,0.0,0.0,0.0,0.0,0.0,0.0,0.0,0.0,0.0,0.0,0.0,0.0,0.0,0.0,0.0,0.0,0.0,0.0,0.0,0.0,0.0,0.0,0.0,0.0,0.0,0.0,0.0,0.0,0.0
Sierra Leone,12.1,712.2,12.1,12.5,735.1,12.5,12.8,757.2,12.8,13.3,782.4,13.3,14.0,828.6,14.0,15.0,884.9,15.0,16.6,982.0,16.6,16.0,946.0,16.0,15.4,911.3,15.4,15.7,924.7,15.7,17.1,1011.8,17.1,18.0,1061.3,18.0,18.7,1102.5,18.7,19.1,1124.4,19.1,20.1,1185.9,20.1,20.0,1179.2,20.0,19.7,1163.4,19.7,19.3,1136.1,19.3,18.7,1103.9,18.7,17.7,1047.1,17.7,16.6,981.5,16.6,15.8,933.0,15.8
Singapore,0.0,0.0,0.0,0.0,0.0,0.0,0.0,0.0,0.0,0.0,0.0,0.0,0.0,0.0,0.0,0.0,0.0,0.0,0.0,0.0,0.0,0.0,0.0,0.0,0.0,0.0,0.0,0.0,0.0,0.0,0.0,0.0,0.0,0.0,0.0,0.0,0.0,0.0,0.0,0.0,0.0,0.0,0.0,0.0,0.0,0.0,0.0,0.0,0.0,0.0,0.0,0.0,0.0,0.0,0.0,0.0,0.0,0.0,0.0,0.0,0.0,0.0,0.0,0.0,0.0,0.0
Slovakia,0.0,0.0,0.0,0.0,0.0,0.0,0.0,0.0,0.0,0.0,0.0,0.0,0.0,0.0,0.0,0.0,0.0,0.0,0.0,0.0,0.0,0.0,0.0,0.0,0.0,0.0,0.0,0.0,0.0,0.0,0.0,0.0,0.0,0.0,0.0,0.0,0.0,0.0,0.0,0.0,0.0,0.0,0.0,0.0,0.0,0.0,0.0,0.0,0.0,0.0,0.0,0.0,0.0,0.0,0.0,0.0,0.0,0.0,0.0,0.0,0.0,0.0,0.0,0.0,0.0,0.0
Slovenia,0.0,0.0,0.0,0.0,0.0,0.0,0.0,0.0,0.0,0.0,0.0,0.0,0.0,0.0,0.0,0.0,0.0,0.0,0.0,0.0,0.0,0.0,0.0,0.0,0.0,0.0,0.0,0.0,0.0,0.0,0.0,0.0,0.0,0.0,0.0,0.0,0.0,0.0,0.0,0.0,0.0,0.0,0.0,0.0,0.0,0.0,0.0,0.0,0.0,0.0,0.0,0.0,0.0,0.0,0.0,0.0,0.0,0.0,0.0,0.0,0.0,0.0,0.0,0.0,0.0,0.0
Solomon Islands,0.0,0.0,0.0,0.0,0.0,0.0,0.0,0.0,0.0,0.0,0.0,0.0,0.0,0.0,0.0,0.0,0.0,0.0,0.0,0.0,0.0,0.0,0.0,0.0,0.0,0.0,0.0,0.0,0.0,0.0,0.0,0.0,0.0,0.0,0.0,0.0,0.0,0.0,0.0,0.0,0.0,0.0,0.0,0.0,0.0,0.0,0.0,0.0,0.0,0.0,0.0,0.0,0.0,0.0,0.0,0.0,0.0,0.0,0.0,0.0,0.0,0.0,0.0,0.0,0.0,0.0
Somalia,0.6,37.9,0.6,0.7,43.0,0.7,0.8,49.1,0.8,1.0,56.1,1.0,1.1,62.9,1.1,1.2,70.0,1.2,1.4,81.5,1.4,1.6,94.0,1.6,1.8,105.3,1.8,2.0,118.6,2.0,2.3,135.7,2.3,2.5,149.0,2.5,2.8,162.7,2.8,3.0,176.0,3.0,3.1,184.8,3.1,3.2,190.0,3.2,3.2,189.9,3.2,3.1,185.1,3.1,3.0,178.1,3.0,2.9,169.5,2.9,2.7,158.0,2.7,2.5,144.9,2.5
South Africa,36.1,1582.5,36.1,37.0,2104.4,37.0,38.3,2282.0,38.3,32.5,2691.0,32.5,31.2,2917.7,31.2,45.2,2861.1,45.2,16.5,2952.7,16.5,31.4,3101.5,31.4,92.9,3655.7,92.9,132.7,4831.5,132.7,95.6,7474.4,95.6,26.7,11676.5,26.7,20.1,17985.2,20.1,39.0,24177.7,39.0,6.6,27667.9,6.6,23.7,29721.4,23.7,22.9,28107.2,22.9,17.7,25568.4,17.7,21.1,23385.2,21.1,20.5,21766.5,20.5,20.7,20295.5,20.7,22.3,18784.2,22.3
South Sudan,13.5,794.8,13.5,13.0,767.1,13.0,12.7,751.5,12.7,13.2,776.3,13.2,14.9,877.8,14.9,17.1,1010.2,17.1,17.4,1024.8,17.4,19.1,1124.9,19.1,18.6,1096.9,18.6,18.5,1093.2,18.5,18.3,1081.7,18.3,18.2,1072.3,18.2,18.3,1082.2,18.3,18.0,1063.0,18.0,17.8,1049.7,17.8,17.6,1039.4,17.6,17.5,1031.0,17.5,17.4,1023.9,17.4,17.3,1019.7,17.3,17.2,1016.2,17.2,16.9,997.0,16.9,16.5,973.8,16.5
Spain,0.0,0.0,0.0,0.0,0.0,0.0,0.0,0.0,0.0,0.0,0.0,0.0,0.0,0.0,0.0,0.0,0.0,0.0,0.0,0.0,0.0,0.0,0.0,0.0,0.0,0.0,0.0,0.0,0.0,0.0,0.0,1.3,0.0,0.0,0.0,0.0,0.0,1.4,0.0,0.0,0.0,0.0,0.0,0.0,0.0,0.0,0.0,0.0,0.0,4.2,0.0,0.0,1.4,0.0,0.0,1.3,0.0,0.0,2.7,0.0,0.0,8.0,0.0,1.1,1.3,1.1
Sri Lanka,0.0,0.1,0.0,0.0,0.1,0.0,0.0,0.2,0.0,0.0,0.4,0.0,0.0,1.0,0.0,0.0,1.1,0.0,0.0,1.7,0.0,0.0,2.3,0.0,0.1,3.0,0.1,0.1,3.1,0.1,0.1,3.1,0.1,0.1,3.1,0.1,0.1,5.7,0.1,0.0,2.5,0.0,0.0,2.6,0.0,0.0,2.7,0.0,0.0,2.7,0.0,0.1,3.9,0.1,0.0,2.0,0.0,0.0,1.3,0.0,0.0,1.2,0.0,0.0,1.1,0.0
Sudan,3.5,206.6,3.5,3.5,208.6,3.5,3.5,208.6,3.5,3.6,211.9,3.6,3.6,211.7,3.6,3.7,220.3,3.7,3.8,223.8,3.8,4.0,234.9,4.0,4.1,239.5,4.1,4.1,240.9,4.1,4.0,236.5,4.0,4.1,241.9,4.1,4.5,263.0,4.5,4.5,268.0,4.5,4.5,264.9,4.5,4.5,262.8,4.5,4.4,262.2,4.4,4.5,264.8,4.5,4.5,267.8,4.5,4.5,268.0,4.5,4.5,264.8,4.5,4.4,258.7,4.4
Suriname,0.0,2.1,0.0,0.0,2.1,0.0,0.0,2.2,0.0,0.0,2.3,0.0,0.0,2.3,0.0,0.0,2.4,0.0,0.0,2.4,0.0,0.0,0.0,0.0,0.0,0.0,0.0,0.0,7.3,0.0,0.0,0.0,0.0,0.0,3.8,0.0,0.0,4.5,0.0,0.0,9.9,0.0,0.0,6.8,0.0,0.0,5.0,0.0,0.0,5.2,0.0,2.0,6.3,2.0,0.0,8.7,0.0,0.0,15.1,0.0,1.3,16.2,1.3,0.0,4.4,0.0
Sweden,0.0,0.0,0.0,0.0,0.0,0.0,0.0,0.0,0.0,0.0,0.0,0.0,0.0,0.0,0.0,0.0,0.0,0.0,0.0,0.0,0.0,0.0,0.0,0.0,0.0,1.3,0.0,0.0,0.0,0.0,0.0,0.0,0.0,0.0,0.0,0.0,0.0,1.1,0.0,0.0,0.0,0.0,0.0,1.4,0.0,0.0,0.0,0.0,0.0,0.0,0.0,0.0,0.0,0.0,0.0,0.0,0.0,0.0,0.0,0.0,0.0,0.0,0.0,0.0,0.0,0.0
Switzerland,0.0,0.0,0.0,0.0,0.0,0.0,0.0,0.0,0.0,0.0,0.0,0.0,0.0,0.0,0.0,0.0,0.0,0.0,0.0,0.0,0.0,0.0,0.0,0.0,0.0,0.0,0.0,0.0,0.0,0.0,0.0,0.0,0.0,0.0,0.0,0.0,0.0,1.6,0.0,0.0,0.0,0.0,0.0,0.0,0.0,0.0,0.0,0.0,0.0,0.0,0.0,0.0,0.0,0.0,0.0,0.0,0.0,0.0,0.0,0.0,0.0,0.0,0.0,0.1,0.0,0.1
Syrian Arab Republic,0.1,3.3,0.1,0.0,2.8,0.0,0.0,2.3,0.0,0.0,2.2,0.0,0.0,2.2,0.0,0.1,3.9,0.1,0.1,4.2,0.1,0.1,5.1,0.1,0.1,6.6,0.1,0.1,5.6,0.1,0.1,3.3,0.1,0.1,3.3,0.1,0.1,3.5,0.1,0.0,2.7,0.0,0.0,2.6,0.0,0.0,2.5,0.0,0.0,2.5,0.0,0.0,2.4,0.0,0.0,1.6,0.0,0.0,1.6,0.0,0.0,1.6,0.0,0.0,1.5,0.0
Turkiye,0.0,1.2,0.0,0.0,1.3,0.0,0.0,1.4,0.0,0.0,1.6,0.0,0.0,1.7,0.0,0.0,2.6,0.0,0.0,1.5,0.0,0.0,1.4,0.0,0.0,0.0,0.0,0.0,2.3,0.0,0.0,2.4,0.0,0.0,7.9,0.0,0.0,2.8,0.0,0.0,8.6,0.0,0.0,12.5,0.0,0.0,18.0,0.0,0.0,26.0,0.0,0.0,37.6,0.0,0.0,56.0,0.0,0.0,85.3,0.0,0.0,119.4,0.0,0.0,176.1,0.0
Tajikistan,0.6,34.5,0.6,0.5,28.9,0.5,0.5,32.1,0.5,0.7,40.5,0.7,0.8,45.2,0.8,0.7,44.2,0.7,0.7,40.7,0.7,0.7,40.3,0.7,0.9,50.2,0.9,1.0,56.2,1.0,0.9,52.2,0.9,0.7,38.6,0.7,0.5,27.4,0.5,0.3,18.2,0.3,0.2,12.7,0.2,0.1,7.6,0.1,0.1,4.8,0.1,0.0,2.8,0.0,0.0,1.4,0.0,0.0,0.7,0.0,0.0,0.4,0.0,0.0,0.2,0.0
Thailand,0.1,8.0,0.1,0.2,9.4,0.2,0.2,12.3,0.2,0.3,14.9,0.3,0.4,24.0,0.4,0.7,40.7,0.7,0.8,48.9,0.8,0.9,52.5,0.9,0.9,51.7,0.9,1.6,96.1,1.6,2.2,129.2,2.2,2.2,127.7,2.2,2.9,169.7,2.9,4.3,254.6,4.3,6.1,358.9,6.1,7.3,430.1,7.3,9.4,553.1,9.4,12.7,749.9,12.7,15.9,936.6,15.9,19.2,1135.4,19.2,22.5,1330.3,22.5,25.7,1516.4,25.7
Timor-Leste,0.1,3.3,0.1,0.1,4.2,0.1,0.1,4.2,0.1,0.1,4.3,0.1,0.1,3.5,0.1,0.0,2.7,0.0,0.0,2.8,0.0,0.0,2.8,0.0,0.0,2.8,0.0,0.0,2.8,0.0,0.0,2.8,0.0,0.0,2.8,0.0,0.0,2.9,0.0,0.0,2.8,0.0,0.0,2.8,0.0,0.0,2.7,0.0,0.0,1.8,0.0,0.0,1.7,0.0,0.0,1.7,0.0,0.0,1.7,0.0,0.0,1.7,0.0,0.0,0.9,0.0
Togo,5.6,329.6,5.6,5.9,347.5,5.9,6.2,365.4,6.2,7.0,412.7,7.0,7.0,414.5,7.0,6.0,356.9,6.0,7.4,436.4,7.4,7.9,469.0,7.9,9.6,563.8,9.6,11.6,681.9,11.6,13.5,796.8,13.5,16.5,975.0,16.5,18.1,1070.1,18.1,19.5,1151.8,19.5,20.5,1210.4,20.5,20.7,1222.1,20.7,21.3,1254.7,21.3,21.7,1279.0,21.7,22.2,1309.0,22.2,22.6,1333.1,22.6,22.7,1341.5,22.7,22.4,1324.2,22.4
Tonga,0.0,0.0,0.0,0.0,0.0,0.0,0.0,0.0,0.0,0.0,0.0,0.0,0.0,0.0,0.0,0.0,0.0,0.0,0.0,0.0,0.0,0.0,0.0,0.0,0.0,0.0,0.0,0.0,0.0,0.0,0.0,0.0,0.0,0.0,0.0,0.0,0.0,0.0,0.0,0.0,0.0,0.0,0.0,0.0,0.0,0.0,0.0,0.0,0.0,0.0,0.0,0.0,0.0,0.0,0.0,0.0,0.0,0.0,0.0,0.0,0.0,0.0,0.0,0.0,0.0,0.0
Trinidad and Tobago,0.0,3.6,0.0,0.0,3.9,0.0,0.0,3.9,0.0,0.0,4.2,0.0,0.0,4.4,0.0,0.0,4.5,0.0,0.0,4.7,0.0,0.0,5.0,0.0,0.0,5.2,0.0,0.0,7.3,0.0,0.0,7.0,0.0,0.0,2.0,0.0,1.6,1.8,1.6,0.0,6.4,0.0,0.0,15.2,0.0,0.0,12.0,0.0,0.0,10.5,0.0,0.0,20.3,0.0,1.0,8.8,1.0,3.0,37.7,3.0,0.0,23.7,0.0,0.0,17.6,0.0
Tunisia,0.3,14.9,0.3,0.3,14.8,0.3,0.3,16.8,0.3,0.3,16.6,0.3,0.3,16.4,0.3,0.3,16.1,0.3,0.3,14.8,0.3,0.2,14.4,0.2,0.2,13.1,0.2,0.2,10.8,0.2,0.2,10.4,0.2,0.2,9.1,0.2,0.1,7.2,0.1,0.1,6.2,0.1,0.1,4.6,0.1,0.1,4.5,0.1,0.1,3.7,0.1,0.0,2.2,0.0,0.0,1.5,0.0,0.0,1.5,0.0,0.0,0.8,0.0,0.0,0.8,0.0
Turkmenistan,4.2,250.4,4.2,4.1,244.4,4.1,4.0,237.0,4.0,3.9,228.1,3.9,3.7,215.8,3.7,3.4,200.8,3.4,3.1,184.5,3.1,2.8,165.9,2.8,2.5,147.3,2.5,2.2,128.0,2.2,1.9,110.1,1.9,1.6,93.2,1.6,1.3,78.7,1.3,1.1,66.6,1.1,1.0,56.4,1.0,0.8,46.3,0.8,0.7,38.4,0.7,0.5,31.3,0.5,0.4,25.0,0.4,0.3,19.8,0.3,0.3,15.6,0.3,0.2,12.2,0.2
Tuvalu,0.0,0.0,0.0,0.0,0.0,0.0,0.0,0.0,0.0,0.0,0.0,0.0,0.0,0.0,0.0,0.0,0.0,0.0,0.0,0.0,0.0,0.0,0.0,0.0,0.0,0.0,0.0,0.0,0.0,0.0,0.0,0.0,0.0,0.0,0.0,0.0,0.0,0.0,0.0,0.0,0.0,0.0,0.0,0.0,0.0,0.0,0.0,0.0,0.0,0.0,0.0,0.0,0.0,0.0,0.0,0.0,0.0,0.0,0.0,0.0,0.0,0.0,0.0,0.0,0.0,0.0
Uganda,28.9,1706.7,28.9,29.8,1756.0,29.8,34.3,2025.8,34.3,39.2,2310.6,39.2,44.6,2629.8,44.6,48.5,2859.2,48.5,58.6,3456.9,58.6,63.2,3726.9,63.2,69.1,4074.2,69.1,86.6,5107.5,86.6,111.1,6557.0,111.1,130.1,7676.6,130.1,152.2,8978.7,152.2,167.2,9863.8,167.2,186.2,10987.1,186.2,203.7,12017.2,203.7,220.3,12995.2,220.3,237.5,14010.7,237.5,253.4,14952.7,253.4,264.7,15620.0,264.7,271.0,15991.0,271.0,273.8,16154.6,273.8
Ukraine,0.2,11.2,0.2,0.2,14.1,0.2,0.2,14.6,0.2,0.4,21.2,0.4,0.5,26.9,0.5,0.5,32.1,0.5,0.9,52.9,0.9,1.0,57.5,1.0,1.2,70.3,1.2,1.6,93.7,1.6,1.7,101.4,1.7,1.8,107.3,1.8,2.0,120.0,2.0,2.6,150.8,2.6,3.3,195.1,3.3,3.1,182.6,3.1,3.2,189.9,3.2,3.4,201.7,3.4,3.4,203.4,3.4,3.7,220.4,3.7,3.7,219.9,3.7,4.0,238.8,4.0
United Arab Emirates,0.0,2.1,0.0,0.1,3.3,0.1,0.1,3.5,0.1,0.1,4.0,0.1,0.1,4.8,0.1,0.1,5.5,0.1,0.1,6.6,0.1,0.1,7.7,0.1,0.1,8.1,0.1,0.1,8.1,0.1,0.1,8.1,0.1,0.1,7.7,0.1,0.2,13.8,0.2,0.2,11.8,0.2,0.2,10.0,0.2,0.2,8.9,0.2,0.1,8.6,0.1,0.1,8.2,0.1,0.1,7.6,0.1,0.1,7.0,0.1,0.1,3.3,0.1,0.1,6.2,0.1
United Kingdom of Great Britain and Northern Ireland,0.0,0.0,0.0,0.0,0.0,0.0,0.0,0.0,0.0,0.0,0.0,0.0,0.0,0.0,0.0,0.0,0.0,0.0,0.0,0.0,0.0,0.0,0.0,0.0,0.0,0.0,0.0,0.0,0.0,0.0,0.0,1.3,0.0,0.0,0.0,0.0,0.0,0.0,0.0,0.0,2.7,0.0,0.0,1.3,0.0,0.0,1.3,0.0,0.0,1.4,0.0,0.0,1.3,0.0,0.0,2.6,0.0,0.0,2.7,0.0,0.0,5.6,0.0,0.0,2.9,0.0
United Republic of Tanzania,62.1,3664.4,62.1,71.5,4219.4,71.5,68.5,4044.2,68.5,64.3,3792.7,64.3,71.3,4207.4,71.3,75.2,4435.0,75.2,80.2,4732.9,80.2,74.3,4384.4,74.3,84.0,4954.2,84.0,93.3,5504.9,93.3,108.5,6400.8,108.5,133.3,7864.0,133.3,154.1,9091.3,154.1,187.3,11053.1,187.3,211.4,12469.9,211.4,240.1,14167.5,240.1,253.3,14941.8,253.3,266.1,15697.7,266.1,273.0,16109.2,273.0,278.4,16427.6,278.4,279.9,16515.3,279.9,277.4,16364.8,277.4
United States of America,0.0,2.1,0.0,0.0,2.2,0.0,0.0,2.2,0.0,0.0,2.2,0.0,0.0,2.2,0.0,0.0,0.0,0.0,0.0,4.9,0.0,0.0,1.7,0.0,0.0,0.0,0.0,0.0,3.3,0.0,1.1,3.5,1.1,0.0,3.6,0.0,0.0,3.5,0.0,0.0,3.3,0.0,0.0,15.2,0.0,0.0,10.0,0.0,0.0,6.6,0.0,0.0,11.3,0.0,0.0,11.5,0.0,4.1,13.4,4.1,1.1,37.1,1.1,1.0,41.3,1.0
Uruguay,0.0,0.0,0.0,0.0,0.0,0.0,0.0,0.0,0.0,0.0,0.0,0.0,0.0,0.0,0.0,0.0,0.0,0.0,0.0,0.0,0.0,0.0,0.0,0.0,0.0,0.0,0.0,0.0,0.0,0.0,0.0,0.0,0.0,0.0,0.0,0.0,0.0,0.0,0.0,0.0,0.0,0.0,1.0,0.0,1.0,0.0,2.2,0.0,0.0,1.4,0.0,0.0,1.5,0.0,0.2,2.6,0.2,0.0,1.6,0.0,0.0,6.1,0.0,1.1,2.8,1.1
Uzbekistan,1.3,74.9,1.3,1.4,84.3,1.4,1.7,101.5,1.7,1.6,91.6,1.6,1.6,93.7,1.6,1.8,107.0,1.8,2.6,151.7,2.6,2.2,127.7,2.2,2.2,127.2,2.2,2.2,131.5,2.2,2.4,141.1,2.4,2.4,140.9,2.4,2.4,140.3,2.4,2.3,134.9,2.3,2.1,124.6,2.1,1.9,110.3,1.9,1.4,80.1,1.4,0.4,20.9,0.4,0.3,14.8,0.3,0.2,10.7,0.2,0.1,8.0,0.1,0.1,5.2,0.1
Vanuatu,0.0,0.0,0.0,0.0,0.0,0.0,0.0,0.0,0.0,0.0,0.0,0.0,0.0,0.0,0.0,0.0,0.0,0.0,0.0,0.0,0.0,0.0,0.0,0.0,0.0,0.0,0.0,0.0,0.0,0.0,0.0,0.0,0.0,0.0,0.0,0.0,0.0,0.0,0.0,0.0,0.0,0.0,0.0,0.0,0.0,0.0,0.0,0.0,0.0,0.0,0.0,0.0,0.0,0.0,0.0,0.0,0.0,0.0,0.0,0.0,0.0,0.0,0.0,0.0,0.0,0.0
Venezuela (Bolivarian Republic of),4.7,34.0,4.7,4.9,36.4,4.9,5.2,39.0,5.2,5.8,40.0,5.8,6.0,39.9,6.0,6.0,40.3,6.0,6.4,19.5,6.4,4.5,29.7,4.5,4.3,29.7,4.3,6.2,27.8,6.2,3.1,24.3,3.1,2.0,31.6,2.0,4.0,32.9,4.0,0.0,24.6,0.0,1.1,27.6,1.1,3.2,34.5,3.2,2.0,26.4,2.0,1.0,24.0,1.0,1.9,33.6,1.9,1.0,33.4,1.0,3.2,20.3,3.2,0.0,27.8,0.0
Viet Nam,1.6,91.9,1.6,1.5,86.6,1.5,1.5,89.0,1.5,1.4,80.3,1.4,1.1,66.7,1.1,1.3,78.2,1.3,1.4,82.5,1.4,1.5,87.1,1.5,1.7,97.9,1.7,1.6,93.5,1.6,1.7,101.5,1.7,1.9,109.4,1.9,2.8,163.5,2.8,3.9,227.2,3.9,4.5,266.3,4.5,4.6,270.4,4.6,4.5,264.7,4.5,4.2,249.4,4.2,3.9,229.0,3.9,3.6,210.3,3.6,3.2,188.2,3.2,2.8,165.9,2.8
Yemen,0.9,53.4,0.9,0.8,44.6,0.8,0.8,44.9,0.8,0.8,44.8,0.8,0.5,29.0,0.5,0.5,32.0,0.5,0.5,28.7,0.5,0.5,28.7,0.5,0.4,25.3,0.4,0.4,23.2,0.4,0.4,21.8,0.4,0.4,22.0,0.4,0.4,22.6,0.4,0.4,22.0,0.4,0.4,20.8,0.4,0.3,20.0,0.3,0.3,19.2,0.3,0.3,17.8,0.3,0.3,17.2,0.3,0.3,16.9,0.3,0.3,16.7,0.3,0.3,16.5,0.3
Zambia,22.9,1353.3,22.9,28.2,1662.1,28.2,41.4,2444.9,41.4,44.4,2617.9,44.4,34.4,2032.2,34.4,36.4,2147.7,36.4,51.6,3044.1,51.6,52.4,3092.2,52.4,61.4,3621.4,61.4,68.5,4043.8,68.5,68.9,4065.1,68.9,70.0,4128.0,70.0,86.0,5073.2,86.0,103.0,6078.5,103.0,113.6,6701.4,113.6,120.5,7110.9,120.5,131.9,7784.9,131.9,141.3,8335.6,141.3,149.8,8837.4,149.8,154.3,9100.8,154.3,157.6,9298.5,157.6,158.5,9353.2,158.5
Zimbabwe,25.5,1506.8,25.5,30.1,1777.3,30.1,27.8,1642.9,27.8,26.6,1567.5,26.6,34.7,2045.3,34.7,37.9,2236.6,37.9,46.9,2764.3,46.9,51.5,3038.9,51.5,63.6,3753.1,63.6,88.0,5194.1,88.0,130.3,7690.0,130.3,153.6,9063.6,153.6,179.0,10560.7,179.0,198.2,11694.6,198.2,214.1,12633.6,214.1,223.0,13159.9,223.0,228.5,13483.1,228.5,237.8,14032.9,237.8,246.3,14532.8,246.3,257.6,15195.7,257.6,264.6,15612.8,264.6,269.9,15922.1,269.9
